"FID","FNAME","FADDRESS","FCITY","FSTATE","FZIPCODE","FCOUNTY","FPHONE","FLATITUDE","FOWNERSHIP","HID","FLONGITUDE","FMODIFIED"
"270057","BOZEMAN HEALTH DEACONESS HOSPITAL","915 HIGHLAND BLVD","BOZEMAN","MT","59715","GALLATIN","(406) 585-5000","POINT (-111.017239 45.670278)","Voluntary non-profit - Private","","",""
"280023","CHI HEALTH ST FRANCIS","2620 WEST FAIDLEY AVE","GRAND ISLAND","NE","68803","HALL","(308) 384-4600","POINT (-98.370887 40.924267)","Voluntary non-profit - Church","","",""
"301312","HUGGINS HOSPITAL","240 SOUTH MAIN STREET","WOLFEBORO","NH","3894","CARROLL","(603) 569-7500","POINT (-71.201575 43.580944)","Voluntary non-profit - Private","","",""
"281348","TRI VALLEY HEALTH SYSTEM","1305 WEST HIGHWAY 6/34","CAMBRIDGE","NE","69022","FURNAS","(308) 697-3329","POINT (-100.179667 40.279904)","Voluntary non-profit - Private","","",""
"281322","ST FRANCIS MEMORIAL HOSPITAL","430 NORTH MONITOR ST","WEST POINT","NE","68788","CUMING","(402) 372-2404","POINT (-96.706763 41.842945)","Voluntary non-profit - Private","","",""
"310040","CAREPOINT HEALTH-HOBOKEN UNIVERSITY MEDICAL CENTER","308 WILLOW AVE","HOBOKEN","NJ","7030","HUDSON","(201) 418-1000","POINT (-74.033559 40.741213)","Voluntary non-profit - Church","","",""
"270003","ST PETERS HOSPITAL","2475 BROADWAY","HELENA","MT","59601","LEWIS AND CLARK","(406) 442-2480","","Voluntary non-profit - Private","","",""
"330151","ST JAMES MERCY HOSPITAL","411 CANISTEO STREET","HORNELL","NY","14843","STEUBEN","(607) 324-8000","POINT (-77.660142 42.314575)","Voluntary non-profit - Church","","",""
"261318","SALEM MEMORIAL DISTRICT HOSPITAL","PO BOX 774,","SALEM","MO","65560","DENT","(573) 729-6626","","Government - Hospital District or Authority","","",""
"310073","JERSEY SHORE UNIVERSITY MEDICAL CENTER","1945 RTE 33","NEPTUNE","NJ","7754","MONMOUTH","(732) 775-5500","","","","",""
"310005","HUNTERDON MEDICAL CENTER","2100 WESCOTT DRIVE","FLEMINGTON","NJ","8822","HUNTERDON","(908) 788-6100","POINT (-74.86041 40.532524)","","","",""
"310081","INSPIRA MEDICAL CENTER WOODBURY","509 N BROAD ST","WOODBURY","NJ","8096","GLOUCESTER","(856) 845-0100","POINT (-75.149023 39.843556)","","","",""
"320086","LOVELACE REGIONAL HOSPITAL - ROSWELL","117 EAST 19TH STREET","ROSWELL","NM","88201","CHAVES","(575) 625-3345","POINT (-104.521754 33.415976)","","","",""
"261336","IRON COUNTY MEDICAL CENTER","301 NORTH HIGHWAY 21","PILOT KNOB","MO","63663","IRON","(573) 546-1260","POINT (-90.62919 37.608757)","","","",""
"330125","ROCHESTER GENERAL HOSPITAL","1425 PORTLAND AVENUE","ROCHESTER","NY","14621","MONROE","(585) 922-4000","POINT (-77.584424 43.192542)","","","",""
"310032","INSPIRA MEDICAL CENTER VINELAND","1505 W SHERMAN AVE","VINELAND","NJ","8360","CUMBERLAND","(856) 641-8000","POINT (-75.057329 39.447444)","","","",""
"281319","JEFFERSON COMMUNITY HEALTH & LIFE","P O BOX 277, 2200 H ST","FAIRBURY","NE","68352","JEFFERSON","(402) 729-3351","","","","",""
"270074","P H S INDIAN HOSPITAL AT BROWNING - BLACKFEET","760 HOSPITAL CIRCLE, POST OFFICE BOX 760","BROWNING","MT","59417","GLACIER","(406) 338-6157","","","","",""
"330157","SAMARITAN MEDICAL CENTER","830 WASHINGTON STREET","WATERTOWN","NY","13601","JEFFERSON","(315) 785-4121","POINT (-75.912761 43.96489)","","","",""
"290057","HENDERSON HOSPITAL","1050 WEST GALLERIA DRIVE","HENDERSON","NV","89011","CLARK","(318) 290-4395","","","","",""
"330108","ST JOSEPH'S HOSPITAL","555 ST JOSEPH'S BLVD","ELMIRA","NY","14901","CHEMUNG","(607) 733-6541","POINT (-76.797472 42.091214)","","","",""
"271338","BIG HORN HOSPITAL","17 N MILES","HARDIN","MT","59034","BIG HORN","(406) 665-2310","POINT (-107.61701 45.728856)","","","",""
"320061","GALLUP INDIAN MEDICAL CENTER","516 E NIZHONI BLVD","GALLUP","NM","87301","MCKINLEY","(505) 722-1000","POINT (-108.730226 35.508444)","","","",""
"270023","COMMUNITY MEDICAL CENTER","2827 FORT MISSOULA RD","MISSOULA","MT","59804","MISSOULA","(406) 728-4100","POINT (-114.055919 46.842062)","Voluntary non-profit - Private","","",""
"330009","BRONX-LEBANON HOSPITAL CENTER","1276 FULTON AVENUE","BRONX","NY","10456","BRONX","(212) 588-7000","POINT (-73.903756 40.83175)","","","",""
"300029","PORTSMOUTH REGIONAL HOSPITAL","333 BORTHWICK AVE","PORTSMOUTH","NH","3801","ROCKINGHAM","(603) 436-5110","POINT (-70.787774 43.064093)","","","",""
"280111","COLUMBUS COMMUNITY HOSPITAL","4600 38TH ST","COLUMBUS","NE","68601","PLATTE","(402) 562-3351","POINT (-97.3849 41.453273)","","","",""
"281351","CHASE COUNTY COMMUNITY HOSPITAL","P O BOX 819, 600 W 12TH ST","IMPERIAL","NE","69033","CHASE","(308) 882-7111","","","","",""
"320030","ARTESIA GENERAL HOSPITAL","702 N 13TH STREET","ARTESIA","NM","88210","EDDY","(575) 748-3333","POINT (-104.412752 32.848603)","","","",""
"283301","CHILDREN'S HOSPITAL & MEDICAL CENTER","8200 DODGE ST","OMAHA","NE","68114","DOUGLAS","(402) 955-5400","POINT (-96.040868 41.259681)","","","",""
"271343","PROVIDENCE ST JOSEPH MEDICAL CENTER","6 13TH AVE E","POLSON","MT","59860","LAKE","(406) 883-5377","POINT (-114.163327 47.683344)","","","",""
"320074","LOVELACE WESTSIDE HOSPITAL","10501 GOLF COURSE ROAD NW","ALBUQUERQUE","NM","87114","BERNALILLO","(505) 727-2001","POINT (-106.675974 35.207508)","","","",""
"310118","HUDSON REGIONAL HOSPITAL","55 MEADOWLANDS PKWY","SECAUCUS","NJ","7094","HUDSON","(201) 392-3200","POINT (-74.072099 40.791805)","","","",""
"281323","CHI HEALTH SCHUYLER","104 WEST 17TH ST","SCHUYLER","NE","68661","COLFAX","(402) 352-2441","POINT (-97.059725 41.454579)","","","",""
"310021","ST FRANCIS MEDICAL CENTER","601 HAMILTON AVE","TRENTON","NJ","8629","MERCER","(609) 599-5000","POINT (-74.742576 40.217126)","","","",""
"281336","YORK GENERAL HOSPITAL","2222 LINCOLN AVE","YORK","NE","68467","YORK","(402) 362-6671","","","","",""
"281335","CALLAWAY DISTRICT HOSPITAL","P O BOX 100, 211 E KIMBALL","CALLAWAY","NE","68825","CUSTER","(308) 836-2228","","","","",""
"271333","BROADWATER HEALTH CENTER","110 N OAK ST","TOWNSEND","MT","59644","BROADWATER","(406) 266-3186","POINT (-111.516428 46.321354)","","","",""
"281300","HARLAN COUNTY HEALTH SYSTEM","P O BOX 836, 717 NORTH BROWN ST","ALMA","NE","68920","HARLAN","(308) 928-2151","","","","",""
"260176","ST LUKE'S DES PERES HOSPITAL","2345 DOUGHERTY FERRY ROAD","SAINT LOUIS","MO","63122","ST. LOUIS","(314) 966-9100","POINT (-90.450408 38.581081)","Proprietary","","",""
"260108","MISSOURI BAPTIST MEDICAL CENTER","3015 N BALLAS RD","TOWN AND COUNTRY","MO","63131","ST. LOUIS","(314) 996-5000","POINT (-90.443636 38.635532)","Voluntary non-profit - Private","","",""
"330158","GOOD SAMARITAN HOSPITAL OF SUFFERN","255 LAFAYETTE AVENUE","SUFFERN","NY","10901","ROCKLAND","(845) 368-5000","POINT (-74.136248 41.112389)","","","",""
"330005","KALEIDA HEALTH","100 HIGH STREET","BUFFALO","NY","14210","ERIE","(716) 859-8620","POINT (-78.864937 42.900329)","","","",""
"310076","SAINT BARNABAS MEDICAL CENTER","94 OLD SHORT HILLS ROAD","LIVINGSTON","NJ","7039","ESSEX","(973) 322-5000","POINT (-74.302334 40.764045)","","","",""
"263303","RANKEN JORDAN PEDIATRIC BRIDGE HOSPITAL","11365 DORSETT ROAD","MARYLAND HEIGHTS","MO","63043","ST. LOUIS","(314) 872-6400","POINT (-90.415893 38.7095)","Voluntary non-profit - Private","","",""
"321310","HOLY CROSS HOSPITAL A DIV OF TAOS HEALTH SYSTEMS","1397 WEIMER ROAD","TAOS","NM","87571","TAOS","(575) 758-8883","POINT (-105.577458 36.367397)","","","",""
"260209","FULTON MEDICAL CENTER LLC","10 SOUTH HOSPITAL DRIVE","FULTON","MO","65251","CALLAWAY","(573) 642-3376","POINT (-91.966202 38.842247)","Voluntary non-profit - Private","","",""
"321305","NOR-LEA HOSPITAL DISTRICT","1600 NORTH MAIN AVE","LOVINGTON","NM","88260","LEA","(575) 396-6611","POINT (-103.348637 32.96479)","","","",""
"313300","CHILDREN'S SPECIALIZED HOSPITAL","200 SOMERSET STREET","NEW BRUNSWICK","NJ","8901","MIDDLESEX","(732) 258-7050","POINT (-74.451509 40.49522)","","","",""
"310011","CAPE REGIONAL MEDICAL CENTER INC","TWO STONE HARBOR BLVD","CAPE MAY COURT HOUSE","NJ","8210","CAPE MAY","(609) 463-2000","","","","",""
"330057","ST PETER'S HOSPITAL","315 SOUTH MANNING BOULEVARD","ALBANY","NY","12208","ALBANY","(518) 525-1550","POINT (-73.802382 42.660176)","","","",""
"290012","SAINT ROSE DOMINICAN HOSPITALS - ROSE DE LIMA","102 E LAKE MEAD DR","HENDERSON","NV","89015","CLARK","(702) 616-5000","POINT (-114.983192 36.038829)","","","",""
"330169","MOUNT SINAI BETH ISRAEL","FIRST AVENUE AT 16TH STREET","NEW YORK","NY","10003","NEW YORK","(212) 420-2000","POINT (-73.9816 40.732665)","","","",""
"330100","N Y EYE AND EAR INFIRMARY","230 SECOND AVE","NEW YORK","NY","10003","NEW YORK","(212) 979-4000","POINT (-73.984816 40.732559)","","","",""
"290053","SAINT ROSE DOMINICAN HOSPITALS - SAN MARTIN CAMPUS","8280 W WARM SPRINGS ROAD","LAS VEGAS","NV","89113","CLARK","(702) 492-8509","POINT (-115.271323 36.055545)","","","",""
"320090","PRESBYTERIAN SANTA FE MEDICAL CENTER","4801 BECKNER ROAD","SANTA FE","NM","87507","SANTA FE","(505) 923-8826","","","","",""
"271337","NORTHERN ROCKIES MEDICAL CENTER","802 2ND ST SE","CUT BANK","MT","59427","GLACIER","(406) 873-2251","POINT (-112.326345 48.62878)","","","",""
"271331","MINERAL COMMUNITY HOSPITAL","1208 6TH AVE E","SUPERIOR","MT","59872","MINERAL","(406) 822-4841","POINT (-114.876579 47.184726)","","","",""
"330191","GLENS FALLS HOSPITAL","100 PARK STREET","GLENS FALLS","NY","12801","WARREN","(518) 926-1000","POINT (-73.644551 43.308335)","","","",""
"330004","HEALTHALLIANCE HOSPITAL BROADWAY CAMPUS","396 BROADWAY","KINGSTON","NY","12401","ULSTER","(914) 331-3131","POINT (-73.995402 41.92635)","","","",""
"330188","MOUNT ST MARY'S HOSPITAL AND  HEALTH CENTER","5300 MILITARY ROAD","LEWISTON","NY","14092","NIAGARA","(716) 297-4800","POINT (-79.030462 43.154652)","","","",""
"271334","LIBERTY MEDICAL CENTER","315 W MADISON AVE","CHESTER","MT","59522","LIBERTY","(406) 759-5181","POINT (-110.971834 48.510497)","","","",""
"670076","BAYLOR SCOTT AND WHITE SURGICAL HOSPITAL AT SHERMA","3601 CALAIS DRIVE","SHERMAN","TX","75090","GRAYSON","(903) 813-3728","POINT (-96.602527 33.67686)","Physician","","",""
"310058","BERGEN NEW BRIDGE MEDICAL CENTER","230 EAST RIDGEWOOD AVE","PARAMUS","NJ","7652","BERGEN","(201) 967-4000","POINT (-74.062151 40.958602)","","","",""
"291312","GROVER C DILS MEDICAL CENTER","700 N SPRING ST, BOX 1010-C-ADM BLDG","CALIENTE","NV","89008","LINCOLN","(775) 726-3171","POINT (-114.511824 37.622281)","","","",""
"270032","NORTHERN MONTANA HOSPITAL","30 13TH ST","HAVRE","MT","59501","HILL","(406) 265-2211","POINT (-109.686363 48.539326)","Voluntary non-profit - Private","","",""
"310075","MONMOUTH MEDICAL CENTER","300 SECOND AVENUE","LONG BRANCH","NJ","7740","MONMOUTH","(732) 222-5200","POINT (-73.983598 40.295448)","","","",""
"310052","OCEAN MEDICAL CENTER","425 JACK MARTIN BLVD","BRICK","NJ","8724","OCEAN","(732) 840-2200","POINT (-74.129748 40.078327)","","","",""
"310130","HACKENSACK MERIDIAN HEALTH PASCACK VALLEY MEDICAL","250 OLD HOOK ROAD","WESTWOOD","NJ","7675","BERGEN","(201) 383-1035","POINT (-74.014195 40.983658)","","","",""
"490145","STONESPRINGS HOSPITAL CENTER","24440 STONE SPRINGS BOULEVARD","DULLES","VA","20166","LOUDOUN","(571) 349-4000","POINT (-77.544301 38.941185)","Proprietary","","",""
"261337","MISSOURI BAPTIST SULLIVAN HOSPITAL","751 SAPPINGTON BRIDGE RD","SULLIVAN","MO","63080","FRANKLIN","(573) 468-4186","POINT (-91.169288 38.195574)","","","",""
"320038","REHOBOTH MCKINLEY CHRISTIAN HEALTH CARE SERVICES","1901 RED ROCK DRIVE","GALLUP","NM","87301","MCKINLEY","(505) 863-7000","POINT (-108.727248 35.5075)","","","",""
"271306","MOUNTAINVIEW MEDICAL CENTER","16 W MAIN ST","WHITE SULPHUR SPRING","MT","59645","MEAGHER","(406) 547-3321","POINT (-110.904216 46.548207)","","","",""
"10073","CLAY COUNTY HOSPITAL","83825 HIGHWAY 9    P O BOX 1270","ASHLAND","AL","36251","CLAY","(256) 354-2131","POINT (-85.823789 33.276548)","","","",""
"10079","ATHENS LIMESTONE HOSPITAL","700 WEST MARKET STREET","ATHENS","AL","35611","LIMESTONE","(256) 233-9292","POINT (-86.977803 34.803499)","","","",""
"330101","NEW YORK-PRESBYTERIAN HOSPITAL-NEW YORK WEILL CORN","525 EAST 68TH STREET","NEW YORK","NY","10065","NEW YORK","(212) 746-5454","POINT (-73.954335 40.76415)","","","",""
"271305","MCCONE COUNTY HEALTH CENTER","605 SULLIVAN AVE","CIRCLE","MT","59215","MCCONE","(406) 485-3381","POINT (-105.581834 47.418937)","","","",""
"291311","DESERT VIEW HOSPITAL","360 SOUTH LOLA LANE","PAHRUMP","NV","89048","NYE","(775) 751-7500","POINT (-116.023381 36.214376)","","","",""
"320058","MESCALERO PHS INDIAN HOSPITAL","P O BOX 210","MESCALERO","NM","88340","OTERO","(505) 464-4441","","","","",""
"330182","ST FRANCIS HOSPITAL, ROSLYN","100 PORT WASHINGTON BOULEVARD","ROSLYN","NY","11576","NASSAU","(516) 562-6000","POINT (-73.672669 40.804505)","","","",""
"310051","OVERLOOK MEDICAL CENTER","99 BEAUVOIR AVENUE","SUMMIT","NJ","7902","UNION","(908) 522-2000","POINT (-74.354023 40.71241)","","","",""
"10095","HALE COUNTY HOSPITAL","508 GREEN STREET","GREENSBORO","AL","36744","HALE","(334) 624-3024","POINT (-87.018633 32.412098)","","","",""
"271326","BEARTOOTH BILLINGS CLINIC","2525 N BROADWAY","RED LODGE","MT","59068","CARBON","(406) 446-2345","POINT (-109.243045 45.211697)","","","",""
"271320","CABINET PEAKS MEDICAL CENTER","209 HEALTH PARK DR","LIBBY","MT","59923","LINCOLN","(406) 293-0100","POINT (-115.546271 48.392621)","","","",""
"260078","OZARKS MEDICAL CENTER","1100 KENTUCKY AVE","WEST PLAINS","MO","65775","HOWELL","(417) 256-9111","POINT (-91.875552 36.737992)","Voluntary non-profit - Other","","",""
"280134","KEARNEY REGIONAL MEDICAL CENTER","804 22ND AVENUE","KEARNEY","NE","68845","BUFFALO","(308) 455-3600","POINT (-99.0931 40.6975)","","","",""
"520071","FORT MEMORIAL HOSPITAL","611 SHERMAN AVE E","FORT ATKINSON","WI","53538","JEFFERSON","(920) 568-5000","POINT (-88.827933 42.929969)","Voluntary non-profit - Private","","",""
"281365","JENNIE M MELHAM MEMORIAL MEDICAL CENTER","145 MEMORIAL DRIVE","BROKEN BOW","NE","68822","CUSTER","(308) 872-4100","POINT (-99.632262 41.409054)","","","",""
"270051","KALISPELL REGIONAL MEDICAL CENTER","310 SUNNYVIEW LANE","KALISPELL","MT","59901","FLATHEAD","(406) 752-5111","POINT (-114.324753 48.215685)","Voluntary non-profit - Private","","",""
"260077","MERCY HOSPITAL SOUTH","10010 KENNERLY ROAD","SAINT LOUIS","MO","63128","ST. LOUIS","(314) 525-1000","POINT (-90.37775 38.509739)","Voluntary non-profit - Private","","",""
"10131","CRESTWOOD MEDICAL CENTER","ONE HOSPITAL DR SE","HUNTSVILLE","AL","35801","MADISON","(256) 882-3100","","","","",""
"10138","HILL HOSPITAL OF SUMTER COUNTY","751 DERBY DRIVE","YORK","AL","36925","SUMTER","(205) 392-5263","POINT (-88.296081 32.491825)","Voluntary non-profit - Other","","",""
"10148","EVERGREEN MEDICAL CENTER","101 CRESTVIEW AVENUE","EVERGREEN","AL","36401","CONECUH","(251) 578-2480","POINT (-86.94205 31.43126)","","","",""
"10168","JACK HUGHSTON MEMORIAL HOSPITAL","4401 RIVER CHASE DRIVE","PHENIX CITY","AL","36867","RUSSELL","(334) 732-3000","POINT (-85.005696 32.509045)","","","",""
"10173","ST VINCENT'S CHILTON","2030 LAY DAM ROAD","CLANTON","AL","35045","CHILTON","(205) 258-4400","POINT (-86.623511 32.876585)","","","",""
"11304","CHOCTAW GENERAL HOSPITAL","401 VANITY FAIR LANE, PO BOX 618","BUTLER","AL","36904","CHOCTAW","(205) 459-9100","","","","",""
"20018","YUKON KUSKOKWIM DELTA REG HOSPITAL","PO BOX 287","BETHEL","AK","99559","BETHEL","(907) 543-6300","","","","",""
"21305","SEARHC WRANGELL MEDICAL CENTER-CAH","310 BENNETT STREET PO BOX 1081","WRANGELL","AK","99929","WRANGELL CITY AND BOROUGH","(907) 874-7000","POINT (-132.376414 56.471646)","","","",""
"21307","CORDOVA COMMUNITY MEDICAL CENTER","PO BOX 160 - 602 CHASE AVENUE","CORDOVA","AK","99574","VALDEZ-CORDOVA","(907) 424-8000","","","","",""
"21310","MANIILAQ HEALTH CENTER","PO BOX 43","KOTZEBUE","AK","99752","NORTHWEST ARTIC BOROUGH","(907) 442-3321","","","","",""
"30073","TUBA CITY REGIONAL HEALTH CARE CORPORATION","PO BOX 600","TUBA CITY","AZ","86045","COCONINO","(928) 283-2501","","","","",""
"30085","NORTHWEST MEDICAL CENTER","6200 NORTH LA CHOLLA BOULEVARD","TUCSON","AZ","85741","PIMA","(520) 469-8100","POINT (-111.012054 32.319581)","","","",""
"30088","BANNER BAYWOOD MEDICAL CENTER","6644 EAST BAYWOOD AVENUE","MESA","AZ","85206","MARICOPA","(480) 321-2000","POINT (-111.688045 33.410465)","","","",""
"30094","ABRAZO ARROWHEAD CAMPUS","18701 NORTH 67TH AVENUE","GLENDALE","AZ","85308","MARICOPA","(623) 561-1000","POINT (-112.202889 33.655042)","","","",""
"30121","MOUNTAIN VISTA MEDICAL CENTER, LP","1301 SOUTH CRISMON ROAD","MESA","AZ","85209","MARICOPA","(480) 358-6100","POINT (-111.615329 33.3911)","","","",""
"30138","WESTERN REGIONAL MEDICAL CENTER","14200 WEST CELEBRATE LIFE WAY","GOODYEAR","AZ","85338","MARICOPA","(623) 207-3518","POINT (-112.362571 33.452804)","","","",""
"30139","DIGNITY HEALTH ARIZONA GENERAL HOSPITAL","9130 EAST ELLIOT ROAD","MESA","AZ","85212","MARICOPA","(480) 410-4500","","","","",""
"31309","SAGE MEMORIAL HOSPITAL","STATE ROUTE 264 SOUTH 191","GANADO","AZ","86505","APACHE","(928) 755-4541","","Voluntary non-profit - Private","","",""
"40007","CHI-ST VINCENT INFIRMARY","TWO ST VINCENT CIRCLE","LITTLE ROCK","AR","72205","PULASKI","(501) 552-3000","","","","",""
"40041","ST MARYS REGIONAL MEDICAL CENTER","1808 WEST MAIN STREET","RUSSELLVILLE","AR","72801","POPE","(479) 968-2841","POINT (-93.149908 35.28286)","","","",""
"40050","OUACHITA COUNTY MEDICAL CENTER","638 CALIFORNIA AVENUE","CAMDEN","AR","71701","OUACHITA","(870) 836-1000","","","","",""
"40051","DREW MEMORIAL HOSPITAL","778 SCOGIN DRIVE","MONTICELLO","AR","71655","DREW","(870) 367-2411","POINT (-91.814978 33.610628)","","","",""
"40071","JEFFERSON REGIONAL MEDICAL CENTER","1600 WEST 40TH AVENUE","PINE BLUFF","AR","71603","JEFFERSON","(870) 541-7100","POINT (-92.018453 34.189066)","","","",""
"40132","LEVI HOSPITAL","300 PROSPECT AVE","HOT SPRINGS","AR","71901","GARLAND","(501) 624-1281","POINT (-93.056649 34.509945)","","","",""
"40153","WADLEY REGIONAL MEDICAL CENTER AT HOPE","2001 SOUTH MAIN","HOPE","AR","71801","HEMPSTEAD","(870) 722-3800","POINT (-93.587052 33.648008)","","","",""
"370029","ALLIANCEHEALTH CLINTON","100 NORTH 30TH STREET","CLINTON","OK","73601","CUSTER","(580) 323-2363","POINT (-98.996879 35.514789)","","","",""
"360071","VAN WERT COUNTY HOSPITAL","1250 S WASHINGTON STREET","VAN WERT","OH","45891","VAN WERT","(419) 238-8627","POINT (-84.581367 40.850314)","","","",""
"360197","MARY RUTAN HOSPITAL","205 PALMER AVENUE","BELLEFONTAINE","OH","43311","LOGAN","(937) 599-7002","POINT (-83.756703 40.368954)","","","",""
"361300","PAULDING COUNTY HOSPITAL","1035 WEST WAYNE ST.","PAULDING","OH","45879","PAULDING","(419) 399-1103","POINT (-84.600494 41.13529)","","","",""
"330399","ST BARNABAS HOSPITAL","4422 THIRD AVENUE","BRONX","NY","10457","BRONX","(212) 960-9000","POINT (-73.892168 40.85277)","","","",""
"351324","CHI MERCY HEALTH","570 CHAUTAUQUA BLVD","VALLEY CITY","ND","58072","BARNES","(701) 845-6400","POINT (-97.994908 46.928492)","","","",""
"331319","MEDINA MEMORIAL HOSPITAL","200 OHIO STREET","MEDINA","NY","14103","ORLEANS","(585) 798-8111","POINT (-78.397073 43.223707)","","","",""
"361322","BLUFFTON HOSPITAL","139 GARAU STREET","BLUFFTON","OH","45817","ALLEN","(419) 358-9010","POINT (-83.898149 40.887578)","","","",""
"360002","UNIVERSITY HOSPITALS SAMARITAN MEDICAL CENTER","1025 CENTER ST","ASHLAND","OH","44805","ASHLAND","(419) 289-0491","POINT (-82.310413 40.858702)","","","",""
"340143","CATAWBA VALLEY MEDICAL CENTER","810 FAIRGROVE CHURCH RD","HICKORY","NC","28602","CATAWBA","(828) 326-3809","POINT (-81.264779 35.711195)","","","",""
"330259","MERCY MEDICAL CENTER","1000 NORTH VILLAGE AVENUE","ROCKVILLE CENTRE","NY","11570","NASSAU","(516) 705-2525","POINT (-73.633236 40.688191)","","","",""
"330285","STRONG MEMORIAL HOSPITAL","601 ELMWOOD AVE","ROCHESTER","NY","14642","MONROE","(585) 275-2121","POINT (-77.623692 43.124394)","","","",""
"370112","SEQUOYAH COUNTY-CITY OF SALLISAW HOSPITAL AUTHORIT","213 EAST REDWOOD","SALLISAW","OK","74955","SEQUOYAH","(918) 774-1100","POINT (-94.78904 35.463563)","","","",""
"340145","ATRIUM HEALTH LINCOLN","433 MCALISTER RD","LINCOLNTON","NC","28092","LINCOLN","(980) 212-2000","POINT (-81.201314 35.488387)","","","",""
"330236","NEW YORK-PRESBYTERIAN BROOKLYN METHODIST HOSPITAL","506 SIXTH STREET","BROOKLYN","NY","11215","KINGS","(718) 780-3000","POINT (-73.979141 40.668263)","","","",""
"360075","UHHS RICHMOND HEIGHTS HOSPITAL","27100 CHARDON ROAD","RICHMOND HEIGHTS","OH","44143","CUYAHOGA","(440) 585-6170","POINT (-81.490272 41.581043)","","","",""
"331314","SOLDIERS AND SAILORS MEMORIAL HOSPITAL OF YATES","418 NORTH MAIN STREET","PENN YAN","NY","14527","YATES","(315) 787-4175","POINT (-77.059591 42.670468)","","","",""
"351302","MCKENZIE COUNTY HEALTHCARE SYSTEMS INC","709 4TH AVE NE","WATFORD CITY","ND","58854","MCKENZIE","(701) 842-3000","POINT (-103.271358 47.804682)","","","",""
"370220","ONECORE HEALTH","1044 SW 44TH, SUITE 350","OKLAHOMA CITY","OK","73109","OKLAHOMA","(405) 631-3085","POINT (-97.533868 35.420729)","","","",""
"370023","DUNCAN REGIONAL HOSPITAL, INC","1407 WHISENANT DRIVE","DUNCAN","OK","73533","STEPHENS","(580) 252-5300","POINT (-97.974978 34.520014)","","","",""
"331309","RIVER HOSPITAL CLINICS","4 FULLER STREET","ALEXANDRIA BAY","NY","13607","JEFFERSON","(315) 482-2511","POINT (-75.920022 44.337217)","","","",""
"361303","LODI COMMUNITY HOSPITAL","225 ELYRIA STREET","LODI","OH","44254","MEDINA","(330) 948-1222","POINT (-82.013516 41.036087)","","","",""
"370114","ST JOHN MEDICAL CENTER, INC","1923 SOUTH UTICA AVENUE","TULSA","OK","74104","TULSA","(918) 744-3131","POINT (-95.967243 36.134928)","","","",""
"340188","CAPE FEAR VALLEY HOKE HOSPITAL","210 MEDICAL PAVILION DRIVE","RAEFORD","NC","28376","HOKE","(910) 904-8000","POINT (-79.108824 35.031426)","","","",""
"361310","MERCY HEALTH - WILLARD HOSPITAL","1100 NEAL ZICK ROAD","WILLARD","OH","44890","HURON","(419) 964-5000","POINT (-82.724 41.048589)","","","",""
"340040","VIDANT MEDICAL CENTER","2100 STANTONSBURG RD","GREENVILLE","NC","27834","PITT","(252) 847-4100","POINT (-77.400952 35.60581)","","","",""
"360131","ALLIANCE COMMUNITY HOSPITAL","200 EAST STATE STREET","ALLIANCE","OH","44601","STARK","(330) 596-7018","POINT (-81.102736 40.901679)","","","",""
"340061","UNIVERSITY OF NORTH CAROLINA HOSPITAL","101 MANNING DRIVE","CHAPEL HILL","NC","27514","ORANGE","(919) 966-4141","POINT (-79.051894 35.903551)","","","",""
"370099","HILLCREST HOSPITAL CUSHING","1027 EAST CHERRY STREET","CUSHING","OK","74023","PAYNE","(918) 225-2915","POINT (-96.757473 35.978942)","","","",""
"330277","CORNING HOSPITAL","1 GUTHRIE DRIVE","CORNING","NY","14830","STEUBEN","(607) 937-7200","POINT (-76.969841 42.136107)","","","",""
"370170","LAWTON INDIAN HOSPITAL","1515 LAWRIE TATUM ROAD","LAWTON","OK","73507","COMANCHE","(580) 354-5000","POINT (-98.385718 34.627494)","","","",""
"330270","HOSPITAL FOR SPECIAL SURGERY","535 EAST 70TH STREET","NEW YORK","NY","10021","NEW YORK","(212) 606-1000","POINT (-73.953128 40.764866)","","","",""
"331302","ELIZABETHTOWN COMMUNITY HOSPITAL","75 PARK STREET","ELIZABETHTOWN","NY","12932","ESSEX","(518) 873-6377","POINT (-73.596624 44.21543)","","","",""
"360017","GRANT MEDICAL CENTER","111 SOUTH GRANT AVENUE","COLUMBUS","OH","43215","FRANKLIN","(614) 566-9000","POINT (-82.990621 39.960866)","","","",""
"370041","BRISTOW MEDICAL CENTER","700 W. 7TH STREET","BRISTOW","OK","74010","CREEK","(918) 367-2215","POINT (-96.400714 35.833838)","","","",""
"360044","WAYNE HOSPITAL","835 SWEITZER STREET","GREENVILLE","OH","45331","DARKE","(937) 548-1141","POINT (-84.635099 40.088508)","","","",""
"330229","BROOKS MEMORIAL HOSPITAL","529 CENTRAL AVENUE","DUNKIRK","NY","14048","CHAUTAUQUA","(716) 366-1111","POINT (-79.333617 42.480106)","","","",""
"370183","HILLCREST HOSPITAL HENRYETTA","2401 W MAIN","HENRYETTA","OK","74437","OKMULGEE","(918) 650-1511","POINT (-96.015496 35.439738)","","","",""
"370192","NORTHWEST SURGICAL HOSPITAL","9204 NORTH MAY AVENUE","OKLAHOMA CITY","OK","73120","OKLAHOMA","(405) 848-1918","POINT (-97.567159 35.564166)","","","",""
"370089","NORTHEASTERN HEALTH SYSTEM","1400 EAST DOWNING STREET","TAHLEQUAH","OK","74465","CHEROKEE","(918) 456-0641","POINT (-94.950558 35.915326)","","","",""
"340087","MISSION HOSPITAL MCDOWELL","430 RANKIN DRIVE P O BOX 730","MARION","NC","28752","MC DOWELL","(828) 659-5000","POINT (-82.021772 35.665187)","","","",""
"351315","CHI OAKES HOSPITAL","1200 N 7TH ST","OAKES","ND","58474","DICKEY","(701) 742-3291","POINT (-98.090433 46.150796)","","","",""
"361302","TRINITY HOSPITAL TWIN CITY","819 NORTH FIRST STREET","DENNISON","OH","44621","TUSCARAWAS","(740) 922-2800","POINT (-81.335874 40.401464)","","","",""
"340075","CAROLINAS HEALTHCARE SYSTEM-BLUE RIDGE","2201 S STERLING ST","MORGANTON","NC","28655","BURKE","(828) 580-5000","POINT (-81.658223 35.723793)","","","",""
"340047","NORTH CAROLINA BAPTIST HOSPITAL","MEDICAL CENTER BOULEVARD","WINSTON-SALEM","NC","27157","FORSYTH","(336) 716-2011","","","","",""
"330350","UNIVERSITY HOSPITAL OF BROOKLYN ( DOWNSTATE )","445 LENOX ROAD","BROOKLYN","NY","11203","KINGS","(718) 270-1000","POINT (-73.94516 40.654457)","","","",""
"340142","CARTERET GENERAL HOSPITAL","3500 ARENDELL ST","MOREHEAD CITY","NC","28557","CARTERET","(252) 808-6000","POINT (-76.75413 34.724814)","","","",""
"360161","MH ST JOSEPH WARREN HOSPITAL","667 EASTLAND AVE SE","WARREN","OH","44481","TRUMBULL","(330) 841-4016","POINT (-80.778347 41.230955)","","","",""
"330261","PHELPS MEMORIAL HOSPITAL ASSN","701 NORTH BROADWAY","SLEEPY HOLLOW","NY","10591","WESTCHESTER","(914) 366-3000","POINT (-73.859639 41.107555)","","","",""
"370025","SAINT FRANCIS HOSPITAL MUSKOGEE","300 ROCKEFELLER DRIVE","MUSKOGEE","OK","74401","MUSKOGEE","(918) 682-5501","POINT (-95.406187 35.753648)","","","",""
"50663","LOS ANGELES COMMUNITY HOSPITAL","4081 E OLYMPIC BLVD","LOS ANGELES","CA","90023","LOS ANGELES","(323) 267-0477","POINT (-118.186461 34.018874)","","","",""
"360096","EAST LIVERPOOL CITY HOSPITAL","425 WEST 5TH STREET","EAST LIVERPOOL","OH","43920","COLUMBIANA","(330) 385-7200","POINT (-80.586218 40.621409)","Voluntary non-profit - Private","","",""
"361312","MERCY HEALTH - URBANA HOSPITAL","904 SCIOTO STREET","URBANA","OH","43078","CHAMPAIGN","(937) 653-5231","POINT (-83.730252 40.106725)","","","",""
"330286","GOOD SAMARITAN HOSPITAL MEDICAL CENTER","1000 MONTAUK HIGHWAY","WEST ISLIP","NY","11795","SUFFOLK","(631) 376-3000","POINT (-73.286321 40.696807)","","","",""
"361332","HIGHLAND DISTRICT HOSPITAL","1275 NORTH HIGH STREET","HILLSBORO","OH","45133","HIGHLAND","(937) 393-6100","POINT (-83.608771 39.221576)","Government - Hospital District or Authority","1440","",""
"370214","LINDSAY MUNICIPAL HOSPITAL","1305 W CHEROKEE STREET - HIGHWAY 19 WEST","LINDSAY","OK","73052","GARVIN","(405) 756-1404","","","","",""
"351320","UNITY MEDICAL CENTER","164 W 13TH STREET","GRAFTON","ND","58237","WALSH","(701) 352-1620","POINT (-97.413829 48.411484)","","","",""
"331320","COBLESKILL REGIONAL HOSPITAL","178 GRANDVIEW DRIVE","COBLESKILL","NY","12043","SCHOHARIE","(518) 254-3456","POINT (-74.482987 42.686224)","","","",""
"370228","BAILEY MEDICAL CENTER, LLC","10502 NORTH 110TH EAST AVENUE","OWASSO","OK","74055","TULSA","(918) 376-8000","POINT (-95.851684 36.304717)","","","",""
"361324","OHIOHEALTH SHELBY HOSPITAL","199 WEST MAIN STREET","SHELBY","OH","44875","RICHLAND","(419) 342-5015","POINT (-82.674035 40.881214)","","","",""
"360065","FISHER-TITUS HOSPITAL","272 BENEDICT AVENUE","NORWALK","OH","44857","HURON","(419) 668-8101","POINT (-82.602008 41.226034)","","","",""
"370054","GRADY MEMORIAL HOSPITAL","2220 IOWA STREET","CHICKASHA","OK","73018","GRADY","(405) 224-2300","POINT (-97.473923 35.224509)","","","",""
"340013","RUTHERFORD REGIONAL MEDICAL CENTER","288 SOUTH RIDGECREST AVE","RUTHERFORDTON","NC","28139","RUTHERFORD","(828) 286-5000","POINT (-81.964842 35.363396)","","","",""
"360058","MERCER COUNTY JOINT TOWNSHIP COMMUNITY HOSPITAL","800 WEST MAIN STREET","COLDWATER","OH","45828","MERCER","(419) 678-4843","POINT (-84.638243 40.479782)","","","",""
"370001","HILLCREST MEDICAL CENTER","1120 SOUTH UTICA AVENUE","TULSA","OK","74104","TULSA","(918) 579-1000","POINT (-95.967141 36.147164)","","","",""
"330226","UNITY HOSPITAL OF ROCHESTER","1555 LONG POND ROAD","ROCHESTER","NY","14626","MONROE","(585) 723-7000","POINT (-77.701464 43.191544)","","","",""
"340049","NORTH CAROLINA SPECIALTY HOSPITAL","3916 BEN FRANKLIN BOULEVARD","DURHAM","NC","27704","DURHAM","(919) 956-9300","POINT (-78.897548 36.042865)","","","",""
"340168","WILMINGTON TREATMENT CENTER","2520 TROY DRIVE","WILMINGTON","NC","28401","NEW HANOVER","(910) 762-2727","POINT (-77.928549 34.1949)","","","",""
"370166","WAGONER COMMUNITY HOSPITAL","1200 WEST CHEROKEE STREET","WAGONER","OK","74467","WAGONER","(918) 485-5514","POINT (-95.392377 35.959911)","","","",""
"360070","MERCY MEDICAL CENTER","1320 MERCY DRIVE NW","CANTON","OH","44708","STARK","(330) 489-1080","POINT (-81.397069 40.812321)","","","",""
"370094","ALLIANCEHEALTH MIDWEST","2825 PARKLAWN DRIVE","MIDWEST CITY","OK","73110","OKLAHOMA","(405) 610-8585","POINT (-97.392925 35.466527)","","","",""
"360118","OHIOHEALTH MANSFIELD HOSPITAL","335 GLESSNER AVENUE","MANSFIELD","OH","44903","RICHLAND","(419) 526-8000","POINT (-82.529517 40.753365)","","","",""
"330406","SUNNYVIEW HOSPITAL AND REHABILITATION CENTER","1270 BELMONT AVENUE","SCHENECTADY","NY","12308","SCHENECTADY","(518) 386-3580","POINT (-73.91386 42.822229)","","","",""
"330196","CONEY ISLAND HOSPITAL CENTER","2601 OCEAN PARKWAY","BROOKLYN","NY","11235","KINGS","(718) 616-3000","POINT (-73.966285 40.58494)","","","",""
"360027","AKRON GENERAL MEDICAL CENTER","1 AKRON GENERAL AVENUE","AKRON","OH","44307","SUMMIT","(330) 344-6000","POINT (-81.532787 41.077859)","","","",""
"340107","VIDANT EDGECOMBE HOSPITAL","111 HOSPITAL DR","TARBORO","NC","27886","EDGECOMBE","(252) 641-7700","POINT (-77.556994 35.921885)","","","",""
"360351","CRYSTAL CLINIC ORTHOPAEDIC CENTER","444 NORTH MAIN STREET","AKRON","OH","44310","SUMMIT","(330) 670-4118","POINT (-81.512155 41.09707)","","","",""
"340148","NOVANT HEALTH MEDICAL PARK HOSPITAL","1950 S HAWTHORNE RD","WINSTON-SALEM","NC","27103","FORSYTH","(336) 718-0600","POINT (-80.295715 36.078159)","","","",""
"370236","INTEGRIS HEALTH EDMOND","4801 INTEGRIS PARKWAY","EDMOND","OK","73034","OKLAHOMA","(405) 657-3000","POINT (-97.420038 35.643593)","","","",""
"330396","WOODHULL MEDICAL & MENTAL HEALTH CENTER","760 BROADWAY","BROOKLYN","NY","11206","KINGS","(718) 963-8100","POINT (-73.941557 40.700512)","","","",""
"361323","AULTMAN ORRVILLE HOSPITAL","832 SOUTH MAIN STREET","ORRVILLE","OH","44667","WAYNE","(330) 682-3010","POINT (-81.764578 40.832081)","","","",""
"340114","REX HOSPITAL","4420 LAKE BOONE TRAIL","RALEIGH","NC","27607","WAKE","(919) 784-3100","POINT (-78.705032 35.815458)","","","",""
"330393","STONY BROOK UNIVERSITY HOSPITAL","HEALTH SCIENCES CENTER SUNY","STONY BROOK","NY","11794","SUFFOLK","(631) 444-4000","","","","",""
"351327","ST ALOISIUS MEDICAL CENTER","325 E BREWSTER ST","HARVEY","ND","58341","WELLS","(701) 324-4651","POINT (-99.933089 47.767687)","","","",""
"370106","INTEGRIS SOUTHWEST MEDICAL CENTER","4401 SOUTH WESTERN AVENUE","OKLAHOMA CITY","OK","73109","OKLAHOMA","(405) 636-7000","POINT (-97.530196 35.422535)","","","",""
"351322","ASHLEY MEDICAL CENTER","612 CENTER AVENUE N","ASHLEY","ND","58413","MCINTOSH","(701) 288-3433","POINT (-99.371715 46.040188)","","","",""
"341318","VIDANT CHOWAN HOSPITAL","211 VIRGINIA RD","EDENTON","NC","27932","CHOWAN","(252) 482-8451","POINT (-76.609093 36.070774)","","","",""
"360147","MARIETTA MEMORIAL HOSPITAL","401 MATTHEW STREET","MARIETTA","OH","45750","WASHINGTON","(740) 374-1400","POINT (-81.464717 39.431621)","","","",""
"351310","SAKAKAWEA MEDICAL CENTER - CAH","510 8TH AVENUE NE","HAZEN","ND","58545","MERCER","(701) 748-2225","POINT (-101.61156 47.298286)","","","",""
"340171","NOVANT HEALTH MATTHEWS MEDICAL CENTER","1500 MATTHEWS TWNSHP PRKWY BOX 3310","MATTHEWS","NC","28106","MECKLENBURG","(704) 384-6500","","","","",""
"330279","MERCY HOSPITAL OF BUFFALO","565 ABBOTT ROAD","BUFFALO","NY","14220","ERIE","(716) 826-7000","POINT (-78.811876 42.847875)","","","",""
"341304","VIDANT BERTIE  HOSPITAL","1403 SOUTH KINGS STREET","WINDSOR","NC","27983","BERTIE","(252) 794-6600","POINT (-76.928183 35.989355)","","","",""
"331313","SCHUYLER HOSPITAL, INC","220 STEUBEN STREET","MONTOUR FALLS","NY","14865","SCHUYLER","(607) 530-7121","POINT (-76.858842 42.351453)","","","",""
"361314","MAGRUDER HOSPITAL","615 FULTON ST","PORT CLINTON","OH","43452","OTTAWA","(419) 734-3131","POINT (-82.933788 41.505571)","","","",""
"351331","TOWNER COUNTY MEDICAL CENTER","HWY 281 N","CANDO","ND","58324","TOWNER","(701) 968-4411","","","","",""
"370083","PUSHMATAHA COUNTY TOWN OF ANTLERS HOSPITAL","510 EAST MAIN STREET","ANTLERS","OK","74523","PUSHMATAHA","(580) 298-3341","POINT (-95.615603 34.231717)","","","",""
"351313","SOUTHWEST HEALTHCARE SERVICES","802 2ND ST NW","BOWMAN","ND","58623","BOWMAN","(701) 523-5265","POINT (-103.406713 46.184191)","","","",""
"360145","UNIVERSITY HOSPITALS - ELYRIA MEDICAL CENTER","630 EAST RIVER STREET","ELYRIA","OH","44035","LORAIN","(440) 329-7500","POINT (-82.097791 41.366935)","","","",""
"370215","OKLAHOMA HEART HOSPITAL, LLC","4050 WEST MEMORIAL ROAD","OKLAHOMA CITY","OK","73120","OKLAHOMA","(405) 608-3200","POINT (-97.596201 35.609035)","","","",""
"330394","UNITED HEALTH SERVICES HOSPITALS, INC","10-42 MITCHELL AVENUE","BINGHAMTON","NY","13903","BROOME","(607) 763-6000","POINT (-75.914166 42.088097)","","","",""
"340131","CAROLINA EAST MEDICAL CENTER","2000 NEUSE BLVD","NEW BERN","NC","28560","CRAVEN","(252) 633-8640","POINT (-77.066216 35.111893)","","","",""
"370014","ALLIANCEHEALTH DURANT","1800 UNIVERSITY BOULEVARD","DURANT","OK","74702","BRYAN","(405) 924-3080","POINT (-96.395055 34.004903)","","","",""
"340068","COLUMBUS REGIONAL HEALTHCARE SYSTEM","500 JEFFERSON ST","WHITEVILLE","NC","28472","COLUMBUS","(910) 642-8011","POINT (-78.693644 34.338657)","","","",""
"360155","SOUTHWEST GENERAL HEALTH CENTER","18697 BAGLEY ROAD","MIDDLEBURG HEIGHTS","OH","44130","CUYAHOGA","(440) 816-6701","POINT (-81.83291 41.37208)","","","",""
"370022","JACKSON COUNTY MEMORIAL HOSPITAL AUTHORITY","1200 EAST PECAN ST","ALTUS","OK","73521","JACKSON","(580) 379-5000","POINT (-99.319119 34.635273)","","","",""
"340133","MARTIN GENERAL HOSPITAL","310 S MCCASKEY RD P O BOX 1128","WILLIAMSTON","NC","27892","MARTIN","(252) 809-6179","POINT (-77.071178 35.840477)","","","",""
"360008","SOUTHERN OHIO MEDICAL CENTER","1805 27TH STREET","PORTSMOUTH","OH","45662","SCIOTO","(740) 356-5000","POINT (-82.977832 38.753913)","","","",""
"351325","ST LUKE'S HOSPITAL","702 1ST ST SW","CROSBY","ND","58730","DIVIDE","(701) 965-6384","POINT (-103.29823 48.906708)","","","",""
"360056","MERCY HEALTH - FAIRFIELD HOSPITAL","3000 MACK ROAD","FAIRFIELD","OH","45014","BUTLER","(513) 870-7197","POINT (-84.519501 39.310902)","","","",""
"340027","UNC LENOIR HEALTH CARE","100 AIRPORT RD","KINSTON","NC","28501","LENOIR","(252) 522-7000","POINT (-77.581407 35.290955)","","","",""
"370229","ALLIANCEHEALTH SEMINOLE","2401 WRANGLER BOULEVARD","SEMINOLE","OK","74868","SEMINOLE","(405) 303-4050","POINT (-96.699013 35.246464)","","","",""
"360203","SOUTHEASTERN OHIO REGIONAL MEDICAL CENTER","1341 NORTH CLARK STREET","CAMBRIDGE","OH","43725","GUERNSEY","(740) 439-8000","POINT (-81.576734 40.040272)","","","",""
"330395","ST JOHN'S EPISCOPAL HOSPITAL AT SOUTH SHORE","327 BEACH 19TH STREET","FAR ROCKAWAY","NY","11691","QUEENS","(718) 869-7000","POINT (-73.75268 40.598675)","","","",""
"341327","J ARTHUR DOSHER MEMORIAL HOSPITAL","924 HOWE ST","SOUTHPORT","NC","28461","BRUNSWICK","(910) 457-3800","POINT (-78.022194 33.929038)","","","",""
"361313","MORROW COUNTY HOSPITAL","651 WEST MARION ROAD","MOUNT GILEAD","OH","43338","MORROW","(419) 946-5015","POINT (-82.849274 40.549238)","","","",""
"360035","MOUNT CARMEL WEST","793 WEST STATE STREET","COLUMBUS","OH","43222","FRANKLIN","(614) 234-5000","POINT (-83.020824 39.957782)","","","",""
"340042","ONSLOW MEMORIAL HOSPITAL","317 WESTERN BOULEVARD","JACKSONVILLE","NC","28540","ONSLOW","(910) 577-2345","POINT (-77.382571 34.762285)","","","",""
"330265","CLIFTON SPRINGS HOSPITAL AND CLINIC","2 COULTER ROAD","CLIFTON SPRINGS","NY","14432","ONTARIO","(315) 462-9561","POINT (-77.139252 42.960473)","","","",""
"370020","MERCY HOSPITAL ADA","430 NORTH MONTE VISTA","ADA","OK","74820","PONTOTOC","(580) 332-2323","POINT (-96.634813 34.778068)","","","",""
"351306","COOPERSTOWN MEDICAL CENTER","1200 ROBERTS AVE NE","COOPERSTOWN","ND","58425","GRIGGS","(701) 797-2221","POINT (-98.11855 47.445624)","","","",""
"360098","LAKE HEALTH","7590 AUBURN ROAD","CONCORD","OH","44077","LAKE","(440) 953-9600","POINT (-81.24466 41.664251)","","","",""
"351328","LINTON HOSPITAL - CAH","518 NORTH BROADWAY","LINTON","ND","58552","EMMONS","(701) 254-4511","POINT (-100.232871 46.271063)","","","",""
"340126","WILSON MEDICAL CENTER","1705 S TARBORO ST","WILSON","NC","27893","WILSON","(252) 399-8040","POINT (-77.944047 35.720524)","Voluntary non-profit - Private","","",""
"360089","MERCY HEALTH - TIFFIN HOSPITAL","45 ST LAWRENCE DRIVE","TIFFIN","OH","44883","SENECA","(419) 455-7000","POINT (-83.217094 41.105138)","","","",""
"341314","WASHINGTON COUNTY HOSP INC","958 US HWY 64 EAST","PLYMOUTH","NC","27962","WASHINGTON","(252) 793-4135","POINT (-76.755838 35.847984)","","","",""
"361321","BARNESVILLE HOSPITAL ASSOCIATION, INC","639 WEST MAIN STREET","BARNESVILLE","OH","43713","BELMONT","(740) 425-5101","POINT (-81.188394 39.992069)","","","",""
"370173","CLAREMORE INDIAN HOSPITAL","101 SOUTH MOORE AVE","CLAREMORE","OK","74017","ROGERS","(918) 341-8430","POINT (-95.628262 36.315655)","","","",""
"360046","MCCULLOUGH-HYDE MEMORIAL HOSPITAL","110 NORTH POPLAR STREET","OXFORD","OH","45056","BUTLER","(513) 524-5640","POINT (-84.740815 39.51218)","","","",""
"340147","NASH GENERAL HOSPITAL","2460 CURTIS ELLIS DRIVE","ROCKY MOUNT","NC","27804","NASH","(252) 443-8000","POINT (-77.848919 35.973443)","","","",""
"350006","TRINITY HOSPITALS","407 3RD ST SE","MINOT","ND","58701","WARD","(701) 857-5000","POINT (-101.288452 48.232479)","","","",""
"370212","OKLAHOMA CENTER FOR ORTHOPAEDIC & MULTI-SP","8100 SOUTH WALKER BLDG C","OKLAHOMA CITY","OK","73139","OKLAHOMA","(405) 602-6500","POINT (-97.521271 35.385689)","","","",""
"331307","CLIFTON FINE HOSPITAL","1014 OSWEGATCHIE TRAIL","STAR LAKE","NY","13690","ST. LAWRENCE","(315) 848-3351","POINT (-75.055964 44.162953)","","","",""
"363308","SHRINERS HOSPITALS FOR CHILDREN - CINCINNATI","3229 BURNETT AVENUE","CINCINNATI","OH","45229","HAMILTON","(513) 872-6000","POINT (-84.500755 39.137695)","","","",""
"370235","ST JOHN BROKEN ARROW, INC","1000 WEST BOISE CIRCLE","BROKEN ARROW","OK","74012","TULSA","(918) 994-8100","POINT (-95.801578 36.076843)","","","",""
"340051","WATAUGA MEDICAL CENTER","336 DEERFIELD ROAD","BOONE","NC","28607","WATAUGA","(828) 263-1211","POINT (-81.652423 36.198753)","","","",""
"341302","OUR COMMUNITY HOSPITAL","921 JUNIOR HIGH ROAD","SCOTLAND NECK","NC","27874","HALIFAX","(252) 826-4144","","","","",""
"340173","WAKEMED","1900 KILDARE FARM ROAD","CARY","NC","27518","WAKE","(919) 350-2550","POINT (-78.779918 35.740188)","","","",""
"361307","UHHS MEMORIAL HOSPITAL OF GENEVA","870 WEST MAIN STREET","GENEVA","OH","44041","ASHTABULA","(440) 466-1141","POINT (-80.962277 41.800233)","","","",""
"330267","NEW YORK-PRESBYTERIAN/HUDSON VALLEY HOSPITAL","1980 CROMPOND ROAD","CORTLANDT MANOR","NY","10567","WESTCHESTER","(914) 734-3611","POINT (-73.893601 41.291457)","","","",""
"351301","MOUNTRAIL COUNTY MEDICAL CENTER INC","615 6TH ST SE","STANLEY","ND","58784","MOUNTRAIL","(701) 628-2424","POINT (-102.380869 48.312504)","","","",""
"361308","UNIVERSITY HOSPITALS CONNEAUT MEDICAL CENTER","158 WEST MAIN ROAD","CONNEAUT","OH","44030","ASHTABULA","(440) 593-1131","POINT (-80.586459 41.93692)","","","",""
"351334","CHI ST ALEXIUS HEALTH WILLISTON","1301 15TH AVE W","WILLISTON","ND","58801","WILLIAMS","(701) 774-7400","POINT (-103.645437 48.154332)","","","",""
"360230","HILLCREST HOSPITAL","6780 MAYFIELD ROAD","MAYFIELD HEIGHTS","OH","44124","CUYAHOGA","(440) 312-4500","POINT (-81.434345 41.520133)","","","",""
"330205","ST ANTHONY COMMUNITY HOSPITAL","15 MAPLE AVENUE -19","WARWICK","NY","10990","ORANGE","(845) 986-2276","POINT (-74.356945 41.261094)","","","",""
"340123","RANDOLPH HOSPITAL","364 WHITE OAK STREET","ASHEBORO","NC","27204","RANDOLPH","(336) 625-5151","POINT (-79.814825 35.711958)","","","",""
"360037","ST VINCENT CHARITY MEDICAL CENTER","2351 EAST 22ND STREET","CLEVELAND","OH","44115","CUYAHOGA","(216) 861-6200","POINT (-81.674275 41.495695)","","","",""
"360080","EAST OHIO REGIONAL HOSPITAL","90 NORTH FOURTH STREET","MARTINS FERRY","OH","43935","BELMONT","(740) 633-4205","POINT (-80.720889 40.098644)","","","",""
"331312","DELAWARE VALLEY HOSPITAL, INC","1 TITUS PLACE","WALTON","NY","13856","DELAWARE","(607) 865-2188","POINT (-75.128087 42.165522)","","","",""
"330264","ST LUKE'S CORNWALL HOSPITAL","70 DUBOIS STREET","NEWBURGH","NY","12550","ORANGE","(845) 561-4400","POINT (-74.015176 41.503744)","","","",""
"360352","SURGICAL HOSPITAL AT SOUTHWOODS","7630 SOUTHERN BLVD","YOUNGSTOWN","OH","44512","MAHONING","(330) 729-8000","POINT (-80.653439 41.015355)","","","",""
"340109","SENTARA ALBEMARLE MEDICAL CENTER","1144 N ROAD ST","ELIZABETH CITY","NC","27909","PASQUOTANK","(252) 335-0531","POINT (-76.22002 36.32153)","","","",""
"330197","CANTON-POTSDAM HOSPITAL","50 LEROY STREET","POTSDAM","NY","13676","ST. LAWRENCE","(315) 265-3300","POINT (-74.981451 44.676085)","","","",""
"360359","UNIVERSITY HOSPITALS AHUJA MEDICAL CENTER","3999 RICHMOND ROAD","BEACHWOOD","OH","44122","CUYAHOGA","(216) 593-5510","POINT (-81.497708 41.453271)","","","",""
"341323","CHARLES A CANNON JR MEMORIAL HOSPITAL","434 HOSPITAL DRIVE","LINVILLE","NC","28646","AVERY","(828) 737-7000","POINT (-81.885678 36.06748)","","","",""
"360354","WEST CHESTER HOSPITAL, LLC","7700 UNIVERSITY DRIVE","WEST CHESTER","OH","45069","BUTLER","(513) 298-7700","POINT (-84.36717 39.358248)","","","",""
"341311","CHATHAM HOSPITAL INC","475 PROGRESS BLVD","SILER CITY","NC","27344","CHATHAM","(919) 799-4000","POINT (-79.422261 35.72351)","","","",""
"331316","COMMUNITY MEMORIAL HOSPITAL, INC","150 BROAD STREET","HAMILTON","NY","13346","MADISON","(315) 824-1100","POINT (-75.541908 42.813906)","","","",""
"360276","MH ST ELIZABETH BOARDMAN HOSPITAL","8401 MARKET STREET","BOARDMAN","OH","44512","MAHONING","(330) 729-2929","POINT (-80.662744 40.994956)","","","",""
"361327","COMMUNITY HOSPITALS AND WELLNESS CENTERS","909 EAST SNYDER AVENUE","MONTPELIER","OH","43543","WILLIAMS","(419) 485-3154","POINT (-84.595516 41.589321)","","","",""
"330331","PLAINVIEW HOSPITAL","888 OLD COUNTRY ROAD","PLAINVIEW","NY","11803","NASSAU","(516) 719-3000","POINT (-73.478063 40.774456)","","","",""
"330245","ST ELIZABETH MEDICAL CENTER","2209 GENESEE STREET","UTICA","NY","13501","ONEIDA","(315) 798-8100","POINT (-75.267158 43.083646)","","","",""
"360082","EUCLID HOSPITAL","18901 LAKE SHORE BOULEVARD","EUCLID","OH","44119","CUYAHOGA","(216) 531-9000","POINT (-81.547421 41.596734)","","","",""
"360087","LUTHERAN HOSPITAL","1730 WEST 25TH STREET","CLEVELAND","OH","44113","CUYAHOGA","(216) 696-4300","POINT (-81.705834 41.487243)","","","",""
"360159","ADENA REGIONAL MEDICAL CENTER","272 HOSPITAL ROAD","CHILLICOTHE","OH","45601","ROSS","(740) 779-7500","POINT (-82.969781 39.394593)","","","",""
"330241","UNIVERSITY HOSPITAL S U N Y HEALTH SCIENCE CENTER","750 EAST ADAMS STREET","SYRACUSE","NY","13210","ONONDAGA","(315) 473-4240","POINT (-76.139323 43.042677)","","","",""
"330403","MONROE COMMUNITY HOSPITAL","435 EAST HENRIETTA ROAD","ROCHESTER","NY","14620","MONROE","(585) 760-6500","POINT (-77.616078 43.111856)","","","",""
"330405","HELEN HAYES HOSPITAL","51 NORTH ROUTE 9W","WEST HAVERSTRAW","NY","10993","ROCKLAND","(845) 786-4000","POINT (-73.985768 41.212779)","","","",""
"41311","HOWARD MEMORIAL HOSPITAL","130 MEDICAL CIRCLE","NASHVILLE","AR","71852","HOWARD","(870) 845-4400","POINT (-93.880772 33.950926)","","","",""
"41314","DEWITT HOSPITAL & NURSING HOME, INC","1641 WHITEHEAD DRIVE","DE WITT","AR","72042","ARKANSAS","(870) 946-3571","POINT (-91.336892 34.279598)","","","",""
"41320","LITTLE RIVER MEMORIAL HOSPITAL","451 WEST LOCKE STREET","ASHDOWN","AR","71822","LITTLE RIVER","(870) 898-5011","POINT (-94.135025 33.669572)","","","",""
"41326","DELTA MEMORIAL HOSPITAL","811 HIGHWAY 65 SOUTH","DUMAS","AR","71639","DESHA","(870) 382-4303","POINT (-91.4815 33.873294)","","","",""
"41329","MERCY HOSPITAL BERRYVILLE","214 CARTER STREET","BERRYVILLE","AR","72616","CARROLL","(870) 423-3355","POINT (-93.551993 36.358225)","","","",""
"50007","MILLS-PENINSULA MEDICAL CENTER","1501 TROUSDALE DRIVE","BURLINGAME","CA","94010","SAN MATEO","(650) 696-5270","POINT (-122.383356 37.594398)","","","",""
"50017","MERCY GENERAL HOSPITAL","4001 J ST","SACRAMENTO","CA","95819","SACRAMENTO","(916) 453-4453","POINT (-121.452482 38.569385)","","","",""
"50024","PARADISE VALLEY HOSPITAL","2400 EAST 4TH ST","NATIONAL CITY","CA","91950","SAN DIEGO","(619) 470-4321","POINT (-117.083243 32.686336)","","","",""
"490057","SENTARA VIRGINIA BEACH GENERAL HOSPITAL","1060 FIRST COLONIAL ROAD","VIRGINIA BEACH","VA","23454","VIRGINIA BEACH CITY","(757) 395-8000","POINT (-76.028342 36.864158)","Voluntary non-profit - Other","","",""
"50030","OROVILLE HOSPITAL","2767 OLIVE HIGHWAY","OROVILLE","CA","95966","BUTTE","(530) 533-8500","POINT (-121.542106 39.504535)","","","",""
"50054","SAN GORGONIO MEMORIAL HOSPITAL","600 NORTH HIGHLAND SPRINGS AVENUE","BANNING","CA","92220","RIVERSIDE","(951) 845-1121","","","","",""
"50060","COMMUNITY REGIONAL MEDICAL CENTER","2823 FRESNO STREET","FRESNO","CA","93721","FRESNO","(559) 459-6000","POINT (-119.783023 36.742583)","","","",""
"50067","OAK VALLEY HOSPITAL DISTRICT","350 S OAK AVE","OAKDALE","CA","95361","STANISLAUS","(209) 847-3011","POINT (-120.860363 37.758098)","","","",""
"50073","KAISER FOUNDATION HOSPITAL AND REHAB CENTER","975 SERENO DR","VALLEJO","CA","94589","SOLANO","(707) 651-1000","POINT (-122.247586 38.128437)","","","",""
"50101","SUTTER SOLANO MEDICAL CENTER","300 HOSPITAL DR","VALLEJO","CA","94589","SOLANO","(707) 554-5280","POINT (-122.238105 38.130893)","","","",""
"50103","WHITE MEMORIAL MEDICAL CENTER","1720 E CESAR AVENUE","LOS ANGELES","CA","90033","LOS ANGELES","(323) 268-5000","","","","",""
"50113","SAN MATEO MEDICAL CENTER","222 W 39TH AVE","SAN MATEO","CA","94403","SAN MATEO","(650) 573-2222","POINT (-122.299406 37.530116)","","","",""
"50133","ADVENTIST HEALTH AND RIDEOUT","726 4TH ST","MARYSVILLE","CA","95901","YUBA","(530) 749-4300","POINT (-121.593622 39.138832)","","","",""
"50137","KAISER FOUNDATION HOSPITAL - PANORAMA CITY","13652 CANTARA ST","PANORAMA CITY","CA","91402","LOS ANGELES","(818) 375-3333","POINT (-118.430299 34.219847)","","","",""
"670062","BAYLOR SCOTT AND WHITE EMERGENCY HOSPITAL AUBREY","26791 HIGHWAY 380","AUBREY","TX","76227","DENTON","(972) 347-2525","","Proprietary","","",""
"50159","VENTURA COUNTY MEDICAL CENTER","300 HILLMONT AVENUE","VENTURA","CA","93003","VENTURA","(805) 652-6075","POINT (-119.254355 34.279055)","","","",""
"50224","HOAG MEMORIAL HOSPITAL PRESBYTERIAN","ONE HOAG DRIVE","NEWPORT BEACH","CA","92663","ORANGE","(949) 764-4624","","","","",""
"490075","SOVAH HEALTH DANVILLE","142 SOUTH MAIN STREET","DANVILLE","VA","24541","DANVILLE CITY","(434) 799-2100","POINT (-79.40481 36.577072)","Proprietary","","",""
"50334","SALINAS VALLEY MEMORIAL HOSPITAL","450 EAST ROMIE LANE","SALINAS","CA","93901","MONTEREY","(831) 757-4333","POINT (-121.646327 36.659979)","","","",""
"50335","ADVENTIST HEALTH SONORA","1000 GREENLEY ROAD","SONORA","CA","95370","TUOLUMNE","(209) 536-5000","POINT (-120.369442 37.976728)","","","",""
"50512","KAISER FOUNDATION HOSPITAL - FREMONT","39400 PASEO PADRE PKWY","FREMONT","CA","94538","ALAMEDA","(510) 784-4000","POINT (-121.975769 37.550913)","","","",""
"50548","FAIRVIEW DEVELOPMENTAL CENTER","2501 HARBOR BOULEVARD","COSTA MESA","CA","92626","ORANGE","(714) 957-5000","POINT (-117.919267 33.664912)","","","",""
"50557","MEMORIAL MEDICAL CENTER","1700 COFFEE RD","MODESTO","CA","95355","STANISLAUS","(209) 526-4500","POINT (-120.975674 37.668701)","Voluntary non-profit - Private","","",""
"50599","UNIVERSITY OF CALIFORNIA DAVIS MEDICAL CENTER","2315 STOCKTON BOULEVARD","SACRAMENTO","CA","95817","SACRAMENTO","(916) 734-2011","POINT (-121.457535 38.554375)","","","",""
"490024","CARILION ROANOKE MEMORIAL HOSPITAL","1906 BELLEVIEW AVENUE, SE","ROANOKE","VA","24014","ROANOKE CITY","(540) 981-7000","POINT (-79.942297 37.252046)","Voluntary non-profit - Private","","",""
"521328","MARSHFIELD MEDICAL CENTER - LADYSMITH","900 COLLEGE AVE WEST","LADYSMITH","WI","54848","RUSK","(715) 532-5561","POINT (-91.11113 45.455605)","Government - Local","","",""
"501332","TRI-STATE MEMORIAL HOSPITAL","1221 HIGHLAND AVENUE","CLARKSTON","WA","99403","ASOTIN","(509) 758-5511","POINT (-117.054507 46.403638)","Voluntary non-profit - Private","","",""
"503302","SHRINERS HOSPITAL FOR CHILDREN","911 WEST 5TH AVENUE","SPOKANE","WA","99204","SPOKANE","(509) 623-0422","POINT (-117.425957 47.651398)","Voluntary non-profit - Private","","",""
"511317","PLATEAU MEDICAL CENTER","430 MAIN STREET, WEST","OAK HILL","WV","25901","FAYETTE","(304) 469-8600","POINT (-81.14417 37.97468)","Proprietary","","",""
"670113","HUMBLE SURGICAL HOSPITAL, LLC","1475 FM 1960 BYPASS ROAD EAST","HUMBLE","TX","77338","HARRIS","(281) 964-2100","POINT (-95.252924 30.004183)","Physician","","",""
"521302","MAYO CLINIC HEALTH SYSTEM-OAKRIDGE","13025 8TH ST","OSSEO","WI","54758","TREMPEALEAU","(715) 597-3121","POINT (-91.216351 44.577911)","Voluntary non-profit - Other","","",""
"521357","MERCY WALWORTH HOSPITAL & MEDICAL CENTER","N2950 STATE ROAD 67","LAKE GENEVA","WI","53147","WALWORTH","(262) 245-0535","POINT (-88.540919 42.597823)","Voluntary non-profit - Private","","",""
"531314","NIOBRARA HEALTH & LIFE CENTER","921 SOUTH BALLANCEE AVENUE","LUSK","WY","82225","NIOBRARA","(307) 334-4000","POINT (-104.446083 42.753278)","Government - Hospital District or Authority","","",""
"491300","BATH COMMUNITY HOSPITAL","106 PARK DRIVE- PO DRAWER Z","HOT SPRINGS","VA","24445","BATH","(540) 839-7000","POINT (-79.830959 37.99389)","Voluntary non-profit - Private","","",""
"520034","AURORA MEDICAL CTR MANITOWOC COUNTY","5000 MEMORIAL DRIVE","TWO RIVERS","WI","54241","MANITOWOC","(920) 794-5000","POINT (-87.615137 44.125862)","","","",""
"363304","CLEVELAND CLINIC CHILDREN'S HOSPITAL FOR REHAB","2801 MARTIN LUTHER KING, JR DRIVE","CLEVELAND","OH","44104","CUYAHOGA","(216) 721-6400","POINT (-81.609252 41.482776)","","","",""
"330397","INTERFAITH MEDICAL CENTER","1545 ATLANTIC AVENUE","BROOKLYN","NY","11213","KINGS","(718) 613-4000","POINT (-73.937154 40.677866)","","","",""
"360006","RIVERSIDE METHODIST HOSPITAL","3535 OLENTANGY RIVER RD","COLUMBUS","OH","43214","FRANKLIN","(614) 566-5000","POINT (-83.031294 40.031962)","","","",""
"330221","WYCKOFF HEIGHTS MEDICAL CENTER","374 STOCKHOLM STREET","BROOKLYN","NY","11237","KINGS","(718) 963-7272","POINT (-73.917648 40.704699)","","","",""
"361330","HOCKING VALLEY COMMUNITY HOSPITAL","601 STATE ROUTE 664N","LOGAN","OH","43138","HOCKING","(740) 380-8227","POINT (-82.428518 39.547504)","","","",""
"370203","COMMUNITY HOSPITAL, LLC","3100 SOUTHWEST 89TH STREET","OKLAHOMA CITY","OK","73159","OKLAHOMA","(405) 602-8100","POINT (-97.570453 35.377113)","","","",""
"370201","SURGICAL HOSPITAL OF OKLAHOMA, LLC","100 SOUTHEAST 59TH STREET","OKLAHOMA CITY","OK","73129","OKLAHOMA","(405) 634-9300","POINT (-97.509316 35.406225)","","","",""
"330232","SAMARITAN HOSPITAL-ST MARY'S CAMPUS","1300 MASSACHUSETTS AVENUE","TROY","NY","12180","RENSSELAER","(518) 268-5000","POINT (-73.676415 42.743977)","","","",""
"330195","LONG ISLAND JEWISH MEDICAL CENTER","270 - 05 76TH AVENUE","NEW HYDE PARK","NY","11040","NASSAU","(718) 470-7000","","","","",""
"360121","COMMUNITY HOSPITALS AND WELLNESS CENTERS","433 WEST HIGH STREET","BRYAN","OH","43506","WILLIAMS","(419) 636-1131","POINT (-84.556824 41.47461)","","","",""
"340141","NEW HANOVER REGIONAL MEDICAL CENTER","2131 S 17TH ST BOX 9000","WILMINGTON","NC","28402","NEW HANOVER","(910) 343-7000","POINT (-77.924182 34.206183)","","","",""
"340166","ATRIUM HEALTH UNIVERSITY CITY","8800 NORTH TYRON STREET","CHARLOTTE","NC","28262","MECKLENBURG","(704) 548-6000","POINT (-80.747985 35.307836)","","","",""
"351304","CHI ST ALEXIUS HEALTH TURTLE LAKE","220 5TH AVE W","TURTLE LAKE","ND","58575","MCLEAN","(701) 448-2331","POINT (-100.894442 47.517925)","","","",""
"340155","DUKE REGIONAL HOSPITAL","3643 N ROXBORO STREET","DURHAM","NC","27704","DURHAM","(919) 470-4000","POINT (-78.897037 36.037439)","","","",""
"321304","UNION COUNTY GENERAL HOSPITAL","300 WILSON STREET","CLAYTON","NM","88415","UNION","(575) 374-7001","POINT (-103.19326 36.455169)","Voluntary non-profit - Other","","",""
"261321","HEDRICK MEDICAL CENTER","2799 NORTH WASHINGTON STREET","CHILLICOTHE","MO","64601","LIVINGSTON","(660) 646-1480","POINT (-93.552781 39.816125)","","","",""
"290019","CARSON TAHOE REGIONAL MEDICAL CENTER","1600 MEDICAL PARKWAY","CARSON CITY","NV","89703","CARSON CITY","(775) 445-8000","POINT (-119.781729 39.201899)","","","",""
"260141","UNIVERSITY OF MISSOURI HEALTH CARE","ONE HOSPITAL DRIVE","COLUMBIA","MO","65212","BOONE","(573) 882-4141","","Government - State","","",""
"320084","ROOSEVELT GENERAL HOSPITAL","42121 US HIGHWAY 70","PORTALES","NM","88130","ROOSEVELT","(575) 359-1800","POINT (-103.368199 34.165665)","","","",""
"330135","BON SECOURS COMMUNITY HOSPITAL","160 EAST MAIN STREET","PORT JERVIS","NY","12771","ORANGE","(845) 856-5351","POINT (-74.682593 41.367766)","","","",""
"330127","JACOBI MEDICAL CENTER","1400 PELHAM PARKWAY SOUTH","BRONX","NY","10461","BRONX","(718) 918-5000","POINT (-73.84721 40.857455)","","","",""
"260177","LIBERTY HOSPITAL","2525 GLENN HENDREN DR","LIBERTY","MO","64069","CLAY","(816) 781-7200","POINT (-94.424343 39.276757)","Government - Hospital District or Authority","","",""
"260081","SSM HEALTH ST CLARE HOSPITAL - FENTON","1015 BOWLES","FENTON","MO","63026","JEFFERSON","(636) 496-2000","POINT (-90.473625 38.529043)","Voluntary non-profit - Private","","",""
"310010","PENN MEDICINE PRINCETON MEDICAL CENTER","ONE - FIVE PLAINSBORO ROAD","PLAINSBORO","NJ","8536","MIDDLESEX","(866) 460-4776","","","","",""
"330111","BERTRAND CHAFFEE HOSPITAL","224 EAST MAIN STREET","SPRINGVILLE","NY","14141","ERIE","(716) 592-2871","POINT (-78.659235 42.508484)","","","",""
"330096","JONES MEMORIAL HOSPITAL","191 NORTH MAIN STREET","WELLSVILLE","NY","14895","ALLEGANY","(585) 593-1100","POINT (-77.949784 42.122878)","Voluntary non-profit - Private","","",""
"280060","CHI HEALTH CREIGHTON UNIVERSITY MEDICAL CENTER - B","7500 MERCY RD","OMAHA","NE","68124","DOUGLAS","(402) 398-6060","POINT (-96.028717 41.237904)","","","",""
"280130","CHI HEALTH LAKESIDE","16901 LAKESIDE HILLS CT","OMAHA","NE","68130","DOUGLAS","(402) 717-8167","POINT (-96.180532 41.23904)","","","",""
"281341","CHADRON COMMUNITY HOSPITAL CORP","825 CENTENNIAL DRIVE","CHADRON","NE","69337","DAWES","(308) 432-5586","POINT (-103.012866 42.822573)","","","",""
"330030","NEWARK-WAYNE COMMUNITY HOSPITAL","111 DRIVING PARK AVENUE","NEWARK","NY","14513","WAYNE","(315) 332-2022","POINT (-77.100736 43.059959)","","","",""
"300019","CHESHIRE MEDICAL CENTER","580 COURT STREET","KEENE","NH","3431","CHESHIRE","(603) 354-5400","POINT (-72.290725 42.949854)","","","",""
"310054","HACKENSACK-UMC MOUNTAINSIDE","BAY AND HIGHLAND AVE","MONTCLAIR","NJ","7042","ESSEX","(973) 429-6000","","","","",""
"313302","WEISMAN CHILDRENS REHABILITATION HOSPITAL","92 BRICK ROAD, 3RD FLOOR","MARLTON","NJ","8053","BURLINGTON","(856) 489-4520","POINT (-74.919209 39.880588)","","","",""
"261322","EXCELSIOR SPRINGS HOSPITAL","1700 RAINBOW BOULEVARD","EXCELSIOR SPRINGS","MO","64024","CLAY","(816) 630-6081","POINT (-94.236519 39.362217)","","","",""
"281360","BOX BUTTE GENERAL HOSPITAL","P O BOX 810, 2101 BOX BUTTE AVE","ALLIANCE","NE","69301","BOX BUTTE","(308) 762-6660","","","","",""
"270014","ST PATRICK HOSPITAL","500 W BROADWAY","MISSOULA","MT","59806","MISSOULA","(406) 543-7271","POINT (-113.999891 46.873905)","Voluntary non-profit - Church","","",""
"320060","ZUNI COMPREHENSIVE COMMUNITY HEALTH CENTER","ROUTE 301 NORTH B STREET","ZUNI","NM","87327","MCKINLEY","(505) 782-4431","","","","",""
"290009","SAINT MARY'S REGIONAL MEDICAL CENTER","235 W 6TH ST","RENO","NV","89503","WASHOE","(775) 770-3000","POINT (-119.818243 39.531619)","","","",""
"280061","REGIONAL WEST MEDICAL CENTER","4021 AVE B","SCOTTSBLUFF","NE","69361","SCOTT BLUFF","(308) 635-3711","POINT (-103.665837 41.885055)","","","",""
"260214","BELTON REGIONAL MEDICAL CENTER","17065 S 71 HIGHWAY","BELTON","MO","64012","CASS","(816) 348-1236","","Voluntary non-profit - Private","","",""
"261307","PERSHING MEMORIAL HOSPITAL","130 EAST LOCKLING","BROOKFIELD","MO","64628","LINN","(660) 258-2222","POINT (-93.068297 39.775078)","Voluntary non-profit - Private","","",""
"330088","STONY BROOK EASTERN LONG ISLAND HOSPITAL","201 MANOR PLACE","GREENPORT","NY","11944","SUFFOLK","(631) 477-1000","POINT (-72.361459 41.110951)","","","",""
"280077","METHODIST FREMONT HEALTH","450 EAST 23RD ST","FREMONT","NE","68025","DODGE","(402) 721-1610","POINT (-96.492473 41.451464)","","","",""
"280127","LINCOLN SURGICAL HOSPITAL","1710 SOUTH 70TH ST","LINCOLN","NE","68506","LANCASTER","(402) 484-9090","POINT (-96.624974 40.794718)","","","",""
"260186","LAKE REGIONAL HEALTH SYSTEM","54 HOSPITAL DRIVE","OSAGE BEACH","MO","65065","CAMDEN","(573) 348-8000","POINT (-92.681085 38.118486)","Voluntary non-profit - Other","","",""
"300020","SOUTHERN NH MEDICAL CENTER","8 PROSPECT STREET","NASHUA","NH","3060","HILLSBOROUGH","(603) 577-2000","POINT (-71.461229 42.756061)","","","",""
"263302","CHILDRENS MERCY HOSPITAL","2401 GILLHAM ROAD","KANSAS CITY","MO","64108","JACKSON","(816) 234-3000","POINT (-94.578611 39.08275)","","","",""
"281339","MEMORIAL HEALTH CARE SYSTEMS","300 NORTH COLUMBIA AVE","SEWARD","NE","68434","SEWARD","(402) 643-2971","POINT (-97.091916 40.909217)","","","",""
"330160","STATEN ISLAND UNIVERSITY HOSPITAL","475 SEAVIEW AVENUE","STATEN ISLAND","NY","10305","RICHMOND","(418) 226-9761","POINT (-74.087013 40.584082)","","","",""
"330024","MOUNT SINAI HOSPITAL","ONE GUSTAVE L LEVY PLACE","NEW YORK","NY","10029","NEW YORK","(212) 241-7981","","","","",""
"300023","EXETER HOSPITAL INC","5 ALUMNI DRIVE","EXETER","NH","3833","ROCKINGHAM","(603) 778-7311","POINT (-70.934319 42.983066)","","","",""
"290058","DIGNITY HEALTH ST ROSE DOMINICAN N L V  CAMPUS","1550 W CRAIG RANCH","NORTH LAS VEGAS","NV","89031","CLARK","(702) 777-3615","","","","",""
"261335","MERCY ST FRANCIS HOSPITAL","100 WEST HIGHWAY 60, PO BOX 82","MOUNTAIN VIEW","MO","65548","HOWELL","(417) 934-7000","","","","",""
"320004","GERALD CHAMPION REGIONAL MEDICAL CENTER","2669 NORTH SCENIC DRIVE","ALAMOGORDO","NM","88310","OTERO","(575) 443-6100","POINT (-105.933917 32.926862)","","","",""
"330090","ARNOT OGDEN MEDICAL CENTER","600 ROE AVENUE","ELMIRA","NY","14905","CHEMUNG","(607) 737-4100","POINT (-76.826668 42.099256)","","","",""
"281303","NIOBRARA VALLEY HOSPITAL","P O BOX 118, 401 SOUTH 5TH STREET","LYNCH","NE","68746","BOYD","(402) 569-2451","","","","",""
"320016","GILA REGIONAL MEDICAL CENTER","1313 E 32ND ST","SILVER CITY","NM","88061","GRANT","(575) 538-4100","POINT (-108.260908 32.795524)","","","",""
"271313","PIONEER MEDICAL CENTER","301 W 7TH AVE","BIG TIMBER","MT","59011","SWEET GRASS","(406) 932-4603","POINT (-109.952427 45.82848)","","","",""
"310012","VALLEY HOSPITAL","223 N VAN DIEN AVENUE","RIDGEWOOD","NJ","7450","BERGEN","(201) 447-8000","POINT (-74.101761 40.983204)","","","",""
"271321","WHEATLAND MEMORIAL HOSPITAL","530 3RD ST NW","HARLOWTON","MT","59036","WHEATLAND","(406) 632-4351","POINT (-109.840505 46.437001)","","","",""
"330080","LINCOLN MEDICAL & MENTAL HEALTH CENTER","234 EAST 149TH STREET","BRONX","NY","10451","BRONX","(718) 579-5000","POINT (-73.924072 40.817681)","","","",""
"261305","PUTNAM COUNTY MEMORIAL HOSPITAL","1926 OAK STREET,  PO BOX 389","UNIONVILLE","MO","63565","PUTNAM","(660) 947-2411","POINT (-93.005987 40.482025)","Government - Local","","",""
"330104","NYACK HOSPITAL","160 NORTH MIDLAND AVENUE","NYACK","NY","10960","ROCKLAND","(845) 348-2000","POINT (-73.925253 41.095251)","","","",""
"261302","MADISON MEDICAL CENTER","611 W MAIN ST","FREDERICKTOWN","MO","63645","MADISON","(573) 781-3341","POINT (-90.302408 37.559846)","Voluntary non-profit - Other","","",""
"271322","SHERIDAN MEMORIAL HOSPTIAL","440 W LAUREL AVE","PLENTYWOOD","MT","59254","SHERIDAN","(406) 765-3700","POINT (-104.562998 48.778677)","","","",""
"261330","STE GENEVIEVE COUNTY MEMORIAL HOSPITAL","800 STE GENEVIEVE DRIVE, PO BOX 468","SAINTE GENEVIEVE","MO","63670","STE. GENEVIEVE","(573) 883-2751","POINT (-90.053968 37.968347)","","","",""
"290049","RENOWN SOUTH MEADOWS MEDICAL CENTER","10101 DOUBLE R BLVD","RENO","NV","89521","WASHOE","(775) 982-7063","POINT (-119.758393 39.435894)","","","",""
"330046","MOUNT SINAI WEST","1000 TENTH AVENUE","NEW YORK","NY","10019","NEW YORK","(212) 523-4000","POINT (-73.987846 40.770129)","","","",""
"291307","MESA VIEW REGIONAL HOSPITAL","1299 BERTHA HOWE AVENUE","MESQUITE","NV","89027","CLARK","(702) 346-8040","POINT (-114.114456 36.808859)","","","",""
"260163","PARKLAND HEALTH CENTER","1101 W LIBERTY","FARMINGTON","MO","63640","ST. FRANCOIS","(573) 431-6005","POINT (-90.438195 37.780624)","Voluntary non-profit - Private","","",""
"330119","LENOX HILL HOSPITAL","100 EAST 77TH STREET","NEW YORK","NY","10021","NEW YORK","(212) 439-2345","POINT (-73.960611 40.773964)","","","",""
"330126","ORANGE REGIONAL MEDICAL CENTER","707 EAST MAIN STREET","MIDDLETOWN","NY","10940","ORANGE","(845) 343-2424","POINT (-74.369415 41.439962)","","","",""
"330073","UNITED MEMORIAL MEDICAL CENTER","127 NORTH STREET","BATAVIA","NY","14020","GENESEE","(585) 343-6030","POINT (-78.177592 43.003997)","","","",""
"290047","SOUTHERN HILLS HOSPITAL AND MEDICAL CENTER","9300 WEST SUNSET RD","LAS VEGAS","NV","89148","CLARK","(702) 880-2100","POINT (-115.295512 36.070256)","","","",""
"271332","GLENDIVE MEDICAL CENTER","202 PROSPECT DR","GLENDIVE","MT","59330","DAWSON","(406) 345-3306","POINT (-104.704953 47.117226)","","","",""
"281352","COMMUNITY MEDICAL CENTER, INC","P O BOX 399, 3307 BARADA ST","FALLS CITY","NE","68355","RICHARDSON","(402) 245-2428","","","","",""
"320003","ALTA VISTA REGIONAL HOSPITAL","104 LEGION DRIVE","LAS VEGAS","NM","87701","SAN MIGUEL","(505) 426-3930","POINT (-105.209851 35.62215)","","","",""
"271328","MARIAS MEDICAL CENTER","640 PARK AVE","SHELBY","MT","59474","TOOLE","(406) 434-3200","POINT (-111.850493 48.509604)","","","",""
"271315","P H S INDIAN HOSPITAL-FT BELKNAP AT HARLEM - CAH","456 GROS VENTRE AVE, RR 1","HARLEM","MT","59526","BLAINE","(406) 353-3100","POINT (-108.767001 48.485189)","","","",""
"261313","MACON COUNTY SAMARITAN MEMORIAL HOSPITAL","1205 NORTH MISSOURI ST","MACON","MO","63552","MACON","(660) 385-8700","POINT (-92.468031 39.747885)","Government - Local","","",""
"310038","ROBERT WOOD JOHNSON UNIVERSITY HOSPITAL","ONE ROBERT WOOD JOHNSON PLACE","NEW BRUNSWICK","NJ","8901","MIDDLESEX","(732) 937-8525","","","","",""
"310002","NEWARK BETH ISRAEL MEDICAL CENTER","201 LYONS AVE","NEWARK","NJ","7112","ESSEX","(973) 926-7850","POINT (-74.213787 40.710054)","Voluntary non-profit - Private","1050","",""
"320018","MEMORIAL MEDICAL CENTER","2450 SOUTH TELSHOR BLVD","LAS CRUCES","NM","88011","DONA ANA","(575) 522-8641","POINT (-106.735018 32.291993)","","","",""
"261309","WRIGHT MEMORIAL HOSPITAL","191 IOWA BOULEVARD","TRENTON","MO","64683","GRUNDY","(660) 359-5621","POINT (-93.579936 40.068275)","Voluntary non-profit - Private","","",""
"320089","UNM SANDOVAL REGIONAL MEDICAL CENTER","3001 BROADMOOR BLVD NE","RIO RANCHO","NM","87144","SANDOVAL","(505) 994-7402","POINT (-106.677003 35.307351)","","","",""
"330153","ELLIS HOSPITAL","1101 NOTT STREET","SCHENECTADY","NY","12308","SCHENECTADY","(518) 243-4000","POINT (-73.918883 42.819818)","","","",""
"261319","MERCY HOSPITAL LINCOLN","1000 EAST CHERRY STREET","TROY","MO","63379","LINCOLN","(636) 528-8551","POINT (-90.964767 38.983989)","","","",""
"281325","BROWN COUNTY HOSPITAL","945 EAST ZERO ST","AINSWORTH","NE","69210","BROWN","(402) 387-2800","POINT (-99.850045 42.544934)","","","",""
"280065","GREAT PLAINS HEALTH","601 WEST LEOTA ST","NORTH PLATTE","NE","69101","LINCOLN","(308) 696-8000","POINT (-100.770199 41.120746)","","","",""
"320021","PRESBYTERIAN HOSPITAL","1100 CENTRAL AVENUE SE","ALBUQUERQUE","NM","87106","BERNALILLO","(505) 724-8386","POINT (-106.63453 35.082295)","","","",""
"291301","INCLINE VILLAGE HEALTH CENTER","880 ALDER STREET","INCLINE VILLAGE","NV","89451","WASHOE","(775) 833-4100","POINT (-119.953861 39.250945)","","","",""
"330019","NEW YORK COMMUNITY HOSPITAL OF BROOKLYN, INC.","2525 KINGS HIGHWAY","BROOKLYN","NY","11229","KINGS","(718) 692-5302","POINT (-73.948321 40.613783)","","","",""
"281342","CHI HEALTH ST MARY'S","1301 GRUNDMAN BLVD","NEBRASKA CITY","NE","68410","OTOE","(402) 873-3321","POINT (-95.862109 40.658152)","","","",""
"310003","PALISADES MEDICAL CENTER","7600 RIVER RD","NORTH BERGEN","NJ","7047","HUDSON","(201) 854-5000","POINT (-73.995765 40.794166)","","","",""
"280040","METHODIST HOSPITAL","8303 DODGE ST","OMAHA","NE","68114","DOUGLAS","(402) 354-4000","POINT (-96.041771 41.259682)","","","",""
"281311","FRANKLIN COUNTY MEMORIAL HOSPITAL","1406 Q ST","FRANKLIN","NE","68939","FRANKLIN","(308) 425-6221","POINT (-98.954353 40.101552)","","","",""
"260138","ST LUKES HOSPITAL OF KANSAS CITY","4401 WORNALL ROAD","KANSAS CITY","MO","64111","JACKSON","(816) 932-2000","POINT (-94.59015 39.046134)","Voluntary non-profit - Private","","",""
"320085","MOUNTAIN VIEW REGIONAL MEDICAL CENTER","4311 EAST LOHMAN AVENUE","LAS CRUCES","NM","88011","DONA ANA","(575) 556-7610","POINT (-106.728297 32.322639)","","","",""
"281363","COMMUNITY HOSPITAL","P O BOX 1328, 1301 EAST H ST","MCCOOK","NE","69001","RED WILLOW","(308) 344-2650","","","1430","",""
"271347","HOLY ROSARY HEALTHCARE","2600 WILSON ST","MILES CITY","MT","59301","CUSTER","(406) 233-2600","POINT (-105.827837 46.397355)","","","",""
"301308","VALLEY REGIONAL HOSPITAL","243 ELM STREET","CLAREMONT","NH","3743","SULLIVAN","(603) 542-7771","POINT (-72.342465 43.385143)","","","",""
"281312","GENOA COMMUNITY HOSPITAL","P O BOX 310, 706 EWING AVE","GENOA","NE","68640","PLATTE","(402) 993-2283","","","","",""
"320059","NORTHERN NAVAJO MEDICAL CENTER","US HWY 491 NORTH","SHIPROCK","NM","87420","SAN JUAN","(505) 368-6001","","","","",""
"330107","PECONIC BAY MEDICAL CENTER","1300 ROANOKE AVENUE","RIVERHEAD","NY","11901","SUFFOLK","(631) 548-6000","POINT (-72.674317 40.933577)","","","",""
"291309","BOULDER CITY HOSPITAL","901 ADAMS BLVD","BOULDER CITY","NV","89005","CLARK","(702) 293-4111","POINT (-114.843486 35.968359)","","","",""
"280081","CHI HEALTH IMMANUEL","6901 NORTH 72ND ST","OMAHA","NE","68122","DOUGLAS","(402) 572-2121","POINT (-96.023788 41.321839)","","","",""
"281329","AVERA ST ANTHONY'S HOSPITAL","300 NORTH 2ND ST","O' NEILL","NE","68763","HOLT","(402) 336-5131","POINT (-98.651118 42.460338)","","","",""
"330144","IRA DAVENPORT MEMORIAL HOSPITAL, INC","7571 STATE ROUTE 54","BATH","NY","14810","STEUBEN","(607) 776-8500","POINT (-77.278553 42.37297)","Voluntary non-profit - Other","","",""
"321307","MINERS' COLFAX MEDICAL CENTER","203 HOSPITAL DRIVE","RATON","NM","87740","COLFAX","(575) 445-3661","POINT (-104.443184 36.863548)","","","",""
"330175","GUTHRIE CORTLAND REGIONAL MEDICAL CENTER","134 HOMER AVENUE","CORTLAND","NY","13045","CORTLAND","(607) 756-3501","POINT (-76.186117 42.608997)","","","",""
"271319","RUBY VALLEY MEDICAL CENTER","321 MADISON ST","SHERIDAN","MT","59749","MADISON","(406) 842-5453","POINT (-112.191453 45.452585)","","","",""
"281305","KIMBALL HEALTH SERVICES","505 SOUTH BURG ST","KIMBALL","NE","69145","KIMBALL","(308) 235-1951","POINT (-103.667204 41.232438)","","","",""
"260183","SAINT FRANCIS MEDICAL CENTER","211 ST FRANCIS DR","CAPE GIRARDEAU","MO","63703","CAPE GIRARDEAU","(573) 331-3000","","Voluntary non-profit - Church","","",""
"280133","NEBRASKA SPINE HOSPITAL, LLC","P O BOX 34400, 6901 NORTH 72ND ST, STE 20300","OMAHA","NE","68122","DOUGLAS","(402) 572-3000","","","","",""
"320006","EASTERN NEW MEXICO MEDICAL CENTER","405 W COUNTRY CLUB ROAD","ROSWELL","NM","88201","CHAVES","(575) 624-8722","POINT (-104.527405 33.4233)","","","",""
"261301","ELLETT MEMORIAL HOSPITAL","610 N OHIO AVE","APPLETON CITY","MO","64724","ST. CLAIR","(660) 476-2111","POINT (-94.020389 38.192787)","Government - Hospital District or Authority","","",""
"320009","LOVELACE MEDICAL CENTER","601 DR MARTIN LUTHER KING JR AVE NE","ALBUQUERQUE","NM","87102","BERNALILLO","(505) 727-8000","POINT (-106.639765 35.085622)","","","",""
"320011","PRESBYTERIAN ESPANOLA HOSPITAL","1010 SPRUCE STREET","ESPANOLA","NM","87532","RIO ARRIBA","(505) 753-1502","POINT (-106.086683 35.997101)","","","",""
"290003","SUNRISE HOSPITAL AND MEDICAL CENTER","3186 S MARYLAND PKWY","LAS VEGAS","NV","89109","CLARK","(702) 731-8000","POINT (-115.136883 36.134586)","","","",""
"310064","ATLANTICARE REGIONAL MEDICAL CENTER - CITY CAMPUS","1925 PACIFIC AVENUE","ATLANTIC CITY","NJ","8401","ATLANTIC","(609) 441-8020","POINT (-74.433942 39.357791)","","","",""
"260104","SSM HEALTH DEPAUL HOSPITAL ST LOUIS","12303 DEPAUL DRIVE","BRIDGETON","MO","63044","ST. LOUIS","(314) 344-6000","POINT (-90.432379 38.748965)","Voluntary non-profit - Private","","",""
"271346","ROUNDUP MEMORIAL HEALTHCARE","1202 3RD ST W","ROUNDUP","MT","59072","MUSSELSHELL","(406) 323-2301","POINT (-108.546333 46.45335)","","","",""
"291303","BATTLE MOUNTAIN GENERAL HOSPITAL","535 SOUTH HUMBOLDT STREET","BATTE MTN","NV","89820","LANDER","(775) 635-2550","POINT (-116.938821 40.640652)","","","",""
"301301","COTTAGE HOSPITAL","90 SWIFTWATER RD","WOODSVILLE","NH","3785","GRAFTON","(603) 747-9000","POINT (-72.022291 44.136234)","","","",""
"261338","MERCY HOSPITAL CARTHAGE","3125 DR RUSSELL SMITH WAY","CARTHAGE","MO","64836","JASPER","(417) 358-8121","POINT (-94.320872 37.1367)","","","",""
"260216","SAINT LUKE'S EAST HOSPITAL","100 N E SAINT LUKE'S BOULEVARD","LEES SUMMIT","MO","64086","JACKSON","(816) 347-5000","POINT (-94.378443 38.940551)","Voluntary non-profit - Private","","",""
"310110","ROBERT WOOD JOHNSON UNIVERSITY HOSPITAL HAMILTON","ONE HAMILTON HEALTH PLACE","HAMILTON","NJ","8690","MERCER","(609) 586-7900","","","","",""
"271339","P H S INDIAN HOSPITAL CROW / NORTHERN CHEYENNE","1010 SOUTH 7650 EAST, POST OFFICE BOX 9","CROW AGENCY","MT","59022","BIG HORN","(406) 638-2626","","","","",""
"260091","SSM HEALTH ST MARY'S HOSPITAL - ST LOUIS","6420 CLAYTON RD","RICHMOND HEIGHTS","MO","63117","ST. LOUIS","(314) 768-8000","POINT (-90.310138 38.633943)","Voluntary non-profit - Private","","",""
"310113","SOUTHERN OCEAN MEDICAL CENTER","1140 RT 72 W","MANAHAWKIN","NJ","8050","OCEAN","(609) 597-6011","POINT (-74.287136 39.721499)","","","",""
"281320","MEMORIAL HOSPITAL","1423 SEVENTH ST","AURORA","NE","68818","HAMILTON","(402) 694-3171","POINT (-98.009531 40.871812)","","","",""
"281310","REGIONAL WEST GARDEN COUNTY HOSPITAL","1100 WEST 2ND ST","OSHKOSH","NE","69154","GARDEN","(308) 772-3283","POINT (-102.347573 41.412485)","Voluntary non-profit - Private","","",""
"263304","SHRINERS HOSPITALS FOR CHILDREN","4400 CLAYTON AVE","SAINT LOUIS","MO","63110","ST. LOUIS CITY","(314) 432-3600","POINT (-90.257821 38.632989)","","","",""
"310092","CAPITAL HEALTH SYSTEM-FULD CAMPUS","750 BRUNSWICK AVE","TRENTON","NJ","8638","MERCER","(609) 394-6000","POINT (-74.752776 40.235987)","","","",""
"320070","DHHS USPHS INDIAN HEALTH SERVICES","EXIT #102 OFF I-40 1/2 MILE SOUTH","SAN FIDEL","NM","87049","CIBOLA","(505) 552-5300","","","","",""
"261312","HARRISON COUNTY COMMUNITY HOSPITAL","2600 MILLER STREET","BETHANY","MO","64424","HARRISON","(660) 425-0284","POINT (-94.026145 40.265292)","Government - Hospital District or Authority","","",""
"260195","CITIZENS MEMORIAL HOSPITAL","1500 N OAKLAND","BOLIVAR","MO","65613","POLK","(417) 326-6000","POINT (-93.420915 37.625971)","Government - Hospital District or Authority","","",""
"301304","NEW LONDON HOSPITAL","273 COUNTY ROAD","NEW LONDON","NH","3257","MERRIMACK","(603) 526-2911","POINT (-72.001493 43.420929)","","","",""
"301307","MEMORIAL HOSPITAL, THE","3073 WHITE MOUNTAIN HIGHWAY","NORTH CONWAY","NH","3860","CARROLL","(603) 356-5461","POINT (-71.13851 44.060519)","","","",""
"310034","RIVERVIEW MEDICAL CENTER","ONE RIVERVIEW PLAZA","RED BANK","NJ","7701","MONMOUTH","(732) 741-2700","","","","",""
"260193","ST MARY'S MEDICAL CENTER","201 NW R D MIZE RD","BLUE SPRINGS","MO","64014","JACKSON","(816) 228-5900","POINT (-94.266042 39.023528)","Voluntary non-profit - Church","","",""
"261325","COX BARTON COUNTY HOSPITAL","29 NW 1ST LANE","LAMAR","MO","64759","BARTON","(417) 682-6081","POINT (-94.299482 37.505282)","","","",""
"281355","OGALLALA COMMUNITY HOSPITAL","2601 NORTH SPRUCE ST","OGALLALA","NE","69153","KEITH","(308) 284-4011","POINT (-101.720447 41.150177)","","","",""
"270017","ST JAMES HEALTHCARE","400 S CLARK ST","BUTTE","MT","59701","SILVER BOW","(406) 723-2500","POINT (-112.546068 46.00928)","Voluntary non-profit - Private","","",""
"330166","WESTFIELD MEMORIAL HOSPITAL, INC","189 EAST MAIN STREET","WESTFIELD","NY","14787","CHAUTAUQUA","(716) 326-4921","POINT (-79.569397 42.327901)","","","",""
"271329","MADISON VALLEY MEDICAL CENTER","305 N MAIN","ENNIS","MT","59729","MADISON","(406) 682-4222","POINT (-111.732567 45.3514)","","","",""
"320063","CARLSBAD MEDICAL CENTER","2430 WEST PIERCE STREET","CARLSBAD","NM","88220","EDDY","(575) 887-4570","POINT (-104.258642 32.44184)","","","",""
"300012","ELLIOT HOSPITAL","1 ELLIOT WAY","MANCHESTER","NH","3103","HILLSBOROUGH","(603) 669-5300","POINT (-71.435739 42.982795)","","","",""
"330055","NEW YORK-PRESBYTERIAN/QUEENS","56-45 MAIN STREET","FLUSHING","NY","11355","QUEENS","(718) 670-2000","","","","",""
"270087","THE HEALTHCENTER","320 SUNNYVIEW LANE","KALISPELL","MT","59901","FLATHEAD","(406) 756-4720","POINT (-114.324047 48.216208)","","","",""
"300001","CONCORD HOSPITAL","250 PLEASANT ST","CONCORD","NH","3301","MERRIMACK","(603) 225-2711","POINT (-71.562366 43.196329)","","","",""
"321308","CIBOLA GENERAL HOSPITAL","1016 E ROOSEVELT AVENUE","GRANTS","NM","87020","CIBOLA","(505) 287-5300","POINT (-107.826574 35.161168)","","","",""
"260162","BARNES-JEWISH WEST COUNTY HOSPITAL","12634 OLIVE BOULEVARD","CREVE COEUR","MO","63141","ST. LOUIS","(314) 996-8000","POINT (-90.466227 38.676997)","Voluntary non-profit - Private","","",""
"271316","FRANCES MAHON DEACONESS HOSPITAL","621 3RD ST S","GLASGOW","MT","59230","VALLEY","(406) 228-3500","POINT (-106.636379 48.189571)","Voluntary non-profit - Private","1070","",""
"280132","BELLEVUE MEDICAL CENTER","2500 BELLEVUE MEDICAL CENTER DR","BELLEVUE","NE","68123","SARPY","(402) 763-3600","POINT (-95.94586 41.13639)","Proprietary","","",""
"330103","OLEAN GENERAL HOSPITAL","515 MAIN STREET","OLEAN","NY","14760","CATTARAUGUS","(716) 373-2600","POINT (-78.426977 42.089448)","","","",""
"300018","WENTWORTH-DOUGLASS HOSPITAL","789 CENTRAL AVE","DOVER","NH","3820","STRAFFORD","(603) 740-2580","POINT (-70.875139 43.212442)","","","",""
"330078","SISTERS OF CHARITY HOSPITAL","2157 MAIN STREET","BUFFALO","NY","14214","ERIE","(716) 862-1000","POINT (-78.849916 42.92917)","","","",""
"310009","CLARA MAASS MEDICAL CENTER","ONE CLARA MAASS DRIVE","BELLEVILLE","NJ","7109","ESSEX","(973) 450-2002","","","","",""
"261327","RAY COUNTY MEMORIAL HOSPITAL","904 WOLLARD BOULEVARD","RICHMOND","MO","64085","RAY","(816) 470-5432","POINT (-93.956173 39.264394)","","","",""
"260085","ST JOSEPH MEDICAL CENTER","1000 CARONDELET DR","KANSAS CITY","MO","64114","JACKSON","(816) 942-4400","POINT (-94.605342 38.934471)","Proprietary","1160","",""
"290056","ORTHOPEDIC SPECIALTY HOSPITAL OF NEVADA","8656 WEST PATRICK LANE","LAS VEGAS","NV","89148","CLARK","(702) 777-7100","POINT (-115.281036 36.077811)","","","",""
"261320","LAFAYETTE REGIONAL HEALTH CENTER","1500 STATE STREET","LEXINGTON","MO","64067","LAFAYETTE","(660) 259-2203","POINT (-93.877065 39.189146)","","","",""
"310108","JFK MEDICAL CTR - ANTHONY M. YELENCSICS COMMUNITY","65 JAMES STREET","EDISON","NJ","8818","MIDDLESEX","(732) 321-7000","POINT (-74.349499 40.55787)","","","",""
"280105","CHI HEALTH MIDLANDS","11111 SOUTH 84TH ST","PAPILLION","NE","68046","SARPY","(402) 593-3000","POINT (-96.042825 41.136866)","","","",""
"330180","SAMARITAN HOSPITAL","2215 BURDETT AVENUE","TROY","NY","12180","RENSSELAER","(518) 427-3402","POINT (-73.671434 42.733395)","","","",""
"260227","BLACK RIVER COMMUNITY MEDICAL CENTER","217 PHYSICIANS PARK DRIVE","POPLAR BLUFF","MO","63901","BUTLER","(573) 686-6001","POINT (-90.456445 36.770882)","Voluntary non-profit - Private","","",""
"281354","CRETE AREA MEDICAL CENTER","P O BOX 220, 2910 BETTEN DR","CRETE","NE","68333","SALINE","(402) 826-2101","","","","",""
"261317","MERCY HOSPITAL CASSVILLE","94 MAIN STREET","CASSVILLE","MO","65625","BARRY","(417) 847-6065","POINT (-93.871886 36.674077)","Voluntary non-profit - Church","","",""
"280003","BRYAN MEDICAL CENTER","1600 SOUTH 48TH ST","LINCOLN","NE","68506","LANCASTER","(402) 481-1111","POINT (-96.653661 40.796598)","","","",""
"281362","PHELPS MEMORIAL HEALTH CENTER","1215 TIBBALS ST","HOLDREGE","NE","68949","PHELPS","(308) 995-2211","POINT (-99.382005 40.447655)","","","",""
"330086","MONTEFIORE MOUNT VERNON HOSPITAL","12 NORTH 7TH AVENUE","MOUNT VERNON","NY","10550","WESTCHESTER","(914) 664-8000","POINT (-73.840011 40.912754)","","","",""
"301302","LITTLETON REGIONAL HEALTHCARE","600 ST JOHNSBURY ROAD","LITTLETON","NH","3561","GRAFTON","(603) 444-9000","POINT (-71.825316 44.316234)","","","",""
"281357","SIDNEY REGIONAL MEDICAL CENTER","1000 POLE CREEK CROSSING","SIDNEY","NE","69162","CHEYENNE","(308) 254-5825","POINT (-102.98019 41.130754)","","","",""
"281315","BRODSTONE MEMORIAL HOSP","P O BOX 187, 520 EAST 10TH ST","SUPERIOR","NE","68978","NUCKOLLS","(402) 879-3281","","","","",""
"310024","ROBERT WOOD JOHNSON UNIVERSITY HOSPITAL AT RAHWAY","865 STONE ST","RAHWAY","NJ","7065","UNION","(732) 381-4200","POINT (-74.291688 40.612237)","","","",""
"330181","GLEN COVE HOSPITAL","101 ST ANDREWS LANE","GLEN COVE","NY","11542","NASSAU","(516) 674-7300","","","","",""
"281346","CHI HEALTH PLAINVIEW","P O BOX 489, 704 NORTH THIRD ST","PLAINVIEW","NE","68769","PIERCE","(402) 582-4245","","","","",""
